lake_id,lake_name,region,latitude,longitude,elevation_m,lake_area_km2,glacier_retreat_m_per_yr,distance_from_glacier_m,slope_deg,rainfall_mm,temperature_c,snowfall_mm,earthquake_magnitude,glof_risk,lake_type
GL0001,West Cirque Tso 747,Ladakh,32.7599,78.1434,5860.6,0.751,19.12,893.2,19.4,2440.8,0.11,836.0,4.3,0,synthetic
GL0002,North Hollow Tal 644,Himachal Pradesh,31.3834,76.4243,4126.5,0.616,23.6,517.5,19.6,1616.4,0.65,360.6,4.62,1,synthetic
GL0003,East Valley Tso 531,Ladakh,33.6934,78.5961,5684.1,0.105,28.75,659.2,14.2,2070.9,-6.05,1293.1,3.13,0,synthetic
GL0004,High Basin Tso 101,Ladakh,32.9363,79.3702,4744.1,0.345,14.0,380.0,1.0,1289.2,2.42,,4.29,0,synthetic
GL0005,High Glacier Sar 598,Jammu & Kashmir,33.9578,74.5019,4553.7,0.748,28.24,375.2,19.9,1314.5,-4.63,1362.1,4.03,1,synthetic
GL0006,East Spur Tal 380,Uttarakhand,29.6715,79.3562,5380.4,0.345,28.87,50.0,18.3,1394.6,0.27,1688.6,5.03,1,synthetic
GL0007,East Basin Sar 223,Jammu & Kashmir,33.9873,75.9741,5120.2,0.148,5.68,1935.9,15.6,1153.0,-3.94,1274.2,4.44,0,synthetic
GL0008,Lower Hollow Tal 025,Himachal Pradesh,32.1061,77.2609,3799.3,0.056,32.71,784.2,25.6,1728.9,1.35,1834.2,4.19,1,synthetic
GL0009,Inner Hollow Tal 376,Uttarakhand,30.2954,79.1215,3564.8,0.271,25.42,50.0,17.5,1821.0,-1.97,1049.2,4.11,1,synthetic
GL0010,Far Valley Tal 421,Uttarakhand,29.7038,80.0552,4556.3,0.053,23.45,981.7,18.4,1536.0,-4.93,1813.0,2.79,0,synthetic
GL0011,High Valley Tso 196,Ladakh,34.1994,77.1417,3660.5,0.3,15.13,571.8,12.8,1807.8,3.68,1245.7,3.37,0,synthetic
GL0012,Far Plateau Tal 492,Himachal Pradesh,32.6444,77.3365,5003.6,0.475,5.16,1149.1,6.4,2182.7,2.53,223.9,5.61,0,synthetic
GL0013,Lower Cirque Tal 129,Uttarakhand,30.2615,79.4546,5091.7,0.21,32.74,149.7,12.7,2107.1,1.58,551.3,2.95,1,synthetic
GL0014,Far Glacier Sar 745,Jammu & Kashmir,33.8364,75.912,5797.0,0.159,23.28,50.0,13.8,1314.6,-3.62,1925.2,3.51,0,synthetic
GL0015,Outer Col Sar 607,Jammu & Kashmir,34.0612,75.9077,4111.8,0.344,0.0,319.0,14.6,2484.9,-4.82,1151.0,3.87,0,synthetic
GL0016,Inner Cirque Tal 116,Uttarakhand,30.1019,78.3864,4956.6,0.228,6.67,346.7,29.5,2448.6,-2.85,1181.8,2.75,0,synthetic
GL0017,North Moraine Tal 757,Uttarakhand,30.9203,78.1595,4571.6,2.996,14.11,469.7,6.3,2552.8,-1.09,1625.6,3.09,1,synthetic
GL0018,South Basin Sar 661,Jammu & Kashmir,33.0515,74.5289,5387.9,0.179,21.36,123.3,9.4,2340.6,-5.59,1664.5,3.99,1,synthetic
GL0019,Inner Plateau Tal 044,Himachal Pradesh,32.9561,76.9506,4094.1,0.024,34.33,1874.7,14.4,841.1,-2.59,1156.9,3.85,0,synthetic
GL0020,Outer Moraine Tal 569,Uttarakhand,30.9247,79.5263,3979.4,0.221,0.0,119.2,23.8,2522.1,-5.17,,4.36,0,synthetic
GL0021,Lower Ridge Tal 559,Uttarakhand,30.2032,79.6102,5733.4,0.275,4.76,779.0,19.3,2052.8,-1.74,1255.0,3.71,0,synthetic
GL0022,Lower Valley Tso 159,Ladakh,33.455,77.0537,3936.3,0.22,0.0,372.3,21.7,1391.2,0.71,1754.2,4.1,0,synthetic
GL0023,West Cirque Tal 495,Uttarakhand,30.1899,79.6402,5633.5,0.028,22.07,433.1,9.8,2318.8,2.8,1819.6,3.89,0,synthetic
GL0024,North Basin Tal 280,Uttarakhand,30.3314,78.1208,5472.9,0.345,35.41,265.8,20.7,2303.3,-2.39,1672.2,4.62,1,synthetic
GL0025,Outer Plateau Tal 381,Himachal Pradesh,33.1741,76.5701,5177.3,0.711,11.9,50.0,26.5,1320.3,-2.12,1279.9,4.57,0,synthetic
GL0026,Far Ridge Tso 089,Sikkim,27.7836,88.5579,5863.8,0.187,19.48,288.2,18.2,1710.2,4.17,1481.8,3.83,1,synthetic
GL0027,High Col Sar 482,Jammu & Kashmir,34.3236,74.7944,5868.5,0.068,26.3,553.8,10.3,2160.0,-5.71,783.3,2.83,0,synthetic
GL0028,Outer Spur Tal 004,Uttarakhand,29.5767,79.9836,5511.9,0.306,17.62,1035.7,20.0,2541.3,-1.26,1444.6,4.51,1,synthetic
GL0029,Lower Ridge Tal 774,Uttarakhand,30.7448,79.3484,4563.4,0.924,9.51,394.7,14.6,2057.8,-7.01,1030.3,4.18,0,synthetic
GL0030,West Hollow Tal 346,Himachal Pradesh,31.6405,77.6324,5599.8,0.292,15.31,691.5,37.0,2906.4,1.25,819.0,3.59,1,synthetic
GL0031,Upper Glacier Tal 327,Himachal Pradesh,31.9057,76.251,4706.3,0.096,9.34,297.3,31.7,1701.2,1.58,1290.5,3.97,1,synthetic
GL0032,East Glacier Tal 469,Himachal Pradesh,32.257,75.7937,5504.6,0.101,1.24,381.2,20.2,857.3,-1.66,2058.0,4.9,0,synthetic
GL0033,Far Hollow Tso 501,Ladakh,33.5716,78.5162,5106.0,0.078,13.92,710.6,14.3,2319.5,-1.43,1686.8,4.53,0,synthetic
GL0034,Far Plateau Tal 756,Himachal Pradesh,31.0659,77.468,4436.6,0.525,24.48,811.5,11.6,1801.9,-2.32,2043.0,3.34,0,synthetic
GL0035,Outer Ridge Tal 325,Himachal Pradesh,32.143,76.4925,4341.5,0.177,16.17,1595.5,14.2,1667.1,-3.43,2129.4,2.0,0,synthetic
GL0036,Inner Moraine Sar 307,Jammu & Kashmir,33.3394,76.0197,4317.9,1.925,19.23,769.5,14.7,1712.4,-9.15,1784.4,4.36,1,synthetic
GL0037,North Plateau Tal 642,Uttarakhand,29.276,79.5284,5453.6,0.26,7.07,1031.8,28.8,1182.2,5.83,588.4,5.03,0,synthetic
GL0038,High Spur Tal 714,Himachal Pradesh,30.9501,77.0614,5935.4,0.463,23.98,368.7,16.2,2022.8,-1.68,1884.0,2.12,0,synthetic
GL0039,East Glacier Tso 611,Ladakh,33.9257,77.4044,5924.4,0.125,0.0,1304.0,21.3,2080.5,-9.17,388.1,4.0,0,synthetic
GL0040,Lower Moraine Tal 133,Himachal Pradesh,31.6906,76.343,3941.7,0.093,8.35,1135.7,23.4,2015.5,0.67,719.5,4.03,0,synthetic
GL0041,South Basin Sar 760,Jammu & Kashmir,32.6276,75.6534,4075.8,0.275,28.13,300.9,15.7,2108.2,-4.21,,4.71,1,synthetic
GL0042,Upper Cirque Sar 052,Jammu & Kashmir,32.8862,75.4604,4975.5,0.042,16.19,1065.4,34.2,2435.6,-2.8,853.4,4.01,0,synthetic
GL0043,Upper Basin Tso 085,Sikkim,27.1943,88.1074,5048.9,0.082,30.9,577.8,29.6,2367.1,1.24,849.6,4.42,1,synthetic
GL0044,South Plateau Tal 641,Himachal Pradesh,32.4219,77.1644,4725.0,0.275,0.0,451.4,5.5,3166.0,6.08,770.9,4.21,0,synthetic
GL0045,Outer Glacier Tal 589,Himachal Pradesh,31.1319,77.2151,4842.7,0.229,18.71,1025.3,24.7,1379.0,1.92,1255.6,3.21,0,synthetic
GL0046,Far Cirque Tal 583,Himachal Pradesh,32.5262,77.3024,5359.0,0.701,0.0,743.4,10.4,1172.6,-0.67,1133.1,4.67,0,synthetic
GL0047,Inner Cirque Tso 709,Ladakh,32.8255,79.3419,4961.8,0.624,3.45,364.3,16.1,2125.5,-2.7,1266.3,3.95,0,synthetic
GL0048,South Hollow Tal 568,Uttarakhand,30.2242,78.2701,5675.8,0.07,24.06,726.3,26.3,1753.8,-4.28,1980.4,2.78,0,synthetic
GL0049,Upper Moraine Tso 742,Ladakh,35.0909,77.2413,5208.9,0.955,4.82,681.3,20.6,2998.6,-0.38,987.2,4.05,1,synthetic
GL0050,Outer Spur Tso 764,Ladakh,34.3816,78.0579,3821.4,0.635,12.16,1187.1,28.2,1683.3,4.08,1322.6,4.04,1,synthetic
GL0051,Inner Basin Tso 710,Ladakh,32.8845,78.7224,4559.5,0.246,27.84,766.1,7.3,1783.1,1.6,699.6,3.94,0,synthetic
GL0052,Upper Col Tal 417,Himachal Pradesh,31.3855,76.4042,3665.9,0.778,53.5,50.0,24.3,924.7,-0.01,1196.6,4.1,1,synthetic
GL0053,Far Ridge Tso 716,Ladakh,34.1864,78.8168,3543.2,0.463,20.3,295.9,23.7,1776.4,-3.02,1033.9,4.9,1,synthetic
GL0054,Outer Col Tal 604,Himachal Pradesh,32.0828,78.3451,5941.3,0.449,11.03,534.4,23.0,1803.3,-2.44,1249.9,5.18,0,synthetic
GL0055,West Valley Tal 502,Himachal Pradesh,31.7533,76.7402,3825.2,0.193,9.14,1372.0,30.5,2388.9,-1.88,1609.6,4.06,0,synthetic
GL0056,Lower Col Tal 599,Uttarakhand,29.9516,78.1833,5665.9,0.099,0.0,809.5,1.8,2120.6,4.24,2136.7,2.56,0,synthetic
GL0057,Far Spur Tal 317,Uttarakhand,29.6028,79.9824,4044.5,0.605,6.59,1400.8,24.7,1444.8,-4.71,1602.8,3.79,0,synthetic
GL0058,Upper Glacier Tal 713,Uttarakhand,31.0923,78.4297,3999.0,0.421,15.32,50.0,3.3,2270.9,3.34,1339.7,4.65,0,synthetic
GL0059,Far Valley Tso 006,Ladakh,33.7222,76.5944,4521.3,0.076,1.4,140.3,22.5,2192.6,0.92,1086.4,4.13,0,synthetic
GL0060,East Spur Tso 560,Ladakh,34.3136,77.7663,5171.2,2.097,0.0,813.0,20.2,2316.8,2.83,1907.9,3.64,1,synthetic
GL0061,East Ridge Tal 051,Himachal Pradesh,33.0558,76.7092,4651.9,0.426,15.7,874.4,16.3,2280.8,-0.95,1688.9,4.65,0,synthetic
GL0062,Outer Moraine Tso 264,Ladakh,34.304,77.9583,4675.5,0.67,6.28,1249.7,15.5,1689.3,-2.12,1678.9,3.82,0,synthetic
GL0063,East Cirque Lake 348,Arunachal Pradesh,27.8398,92.868,3800.7,0.466,10.37,265.9,20.3,1013.8,0.95,823.2,4.3,0,synthetic
GL0064,Upper Glacier Tso 617,Ladakh,34.2611,77.618,3663.8,0.311,10.04,50.0,22.7,805.5,-5.13,1012.4,4.64,0,synthetic
GL0065,High Hollow Tal 702,Uttarakhand,30.323,79.0284,4112.5,0.068,4.23,944.5,11.2,1457.9,-0.96,2478.8,4.6,0,synthetic
GL0066,Upper Plateau Tal 394,Uttarakhand,30.6992,78.8788,5469.4,0.343,20.63,1060.7,11.8,1656.0,3.58,1685.5,3.69,0,synthetic
GL0067,South Spur Tal 666,Uttarakhand,30.6269,79.8357,3952.6,0.237,10.02,50.0,19.1,1981.5,2.95,,3.0,0,synthetic
GL0068,East Valley Tso 544,Ladakh,33.4798,78.5772,3762.0,0.064,17.95,570.0,29.1,1748.7,-2.35,1829.4,3.93,0,synthetic
GL0069,Inner Hollow Lake 048,Arunachal Pradesh,28.943,95.5046,5469.0,0.169,24.49,1349.2,13.9,1823.9,-0.4,1177.1,4.76,0,synthetic
GL0070,Lower Glacier Sar 200,Jammu & Kashmir,33.3373,75.4684,5828.1,0.343,29.36,637.7,16.5,2812.4,0.53,1665.9,3.47,1,synthetic
GL0071,West Glacier Tal 534,Uttarakhand,30.243,78.429,4885.2,0.201,27.34,50.0,14.6,1786.9,1.86,1278.2,5.44,1,synthetic
GL0072,Lower Plateau Tal 717,Uttarakhand,30.1195,77.9407,3663.4,0.2,10.32,880.8,25.4,2747.9,-2.42,1387.6,4.47,0,synthetic
GL0073,Lower Basin Tso 250,Sikkim,27.7561,88.6258,3766.0,0.778,5.87,884.2,11.3,1330.0,2.12,448.0,4.74,0,synthetic
GL0074,Upper Moraine Tal 392,Uttarakhand,30.194,80.1853,5759.7,0.057,22.45,1162.4,17.3,2363.4,-3.16,877.1,4.82,0,synthetic
GL0075,High Moraine Tal 494,Uttarakhand,30.4412,78.8229,5616.2,0.51,11.96,1389.5,21.9,2708.4,-9.07,1257.2,4.33,0,synthetic
GL0076,Outer Plateau Sar 408,Jammu & Kashmir,33.2066,75.5898,4367.6,0.659,24.25,393.4,20.5,1925.1,0.03,1470.8,3.69,1,synthetic
GL0077,High Col Tal 592,Uttarakhand,30.5688,80.2504,5234.3,0.335,0.0,701.6,36.4,1263.2,-1.4,1186.8,4.08,0,synthetic
GL0078,North Plateau Tso 118,Ladakh,33.4068,78.8601,5146.2,0.132,11.63,50.0,8.8,1750.4,2.8,980.2,4.51,0,synthetic
GL0079,Lower Basin Tso 370,Ladakh,32.6144,78.8874,4638.8,0.464,3.18,547.5,4.4,797.8,1.09,923.4,4.7,0,synthetic
GL0080,Lower Glacier Tso 506,Ladakh,33.1475,78.1466,4788.4,0.124,16.37,50.0,22.9,1490.9,1.71,1130.8,4.85,1,synthetic
GL0081,East Hollow Tal 727,Uttarakhand,30.8025,78.5748,4935.7,0.775,15.01,1110.3,12.0,916.4,-3.85,896.9,3.49,0,synthetic
GL0082,Inner Valley Tal 585,Himachal Pradesh,30.4493,77.3717,5054.3,0.23,26.04,50.0,13.8,2118.0,5.23,320.0,3.92,1,synthetic
GL0083,Lower Ridge Tso 540,Ladakh,34.1876,78.5098,5896.1,0.11,8.23,1115.7,31.3,1644.5,-4.03,721.4,5.05,0,synthetic
GL0084,Inner Basin Tal 131,Himachal Pradesh,31.9622,78.6682,4007.0,0.155,7.61,50.0,8.4,911.5,1.05,2204.5,5.14,0,synthetic
GL0085,Far Hollow Tso 462,Ladakh,33.8105,78.2864,4791.0,0.257,22.48,285.8,1.0,1396.9,-1.71,1331.9,5.35,0,synthetic
GL0086,Far Basin Tal 150,Himachal Pradesh,33.0536,76.4792,4909.7,0.133,6.67,128.7,26.4,1863.2,-1.05,1268.2,4.59,1,synthetic
GL0087,East Cirque Tal 705,Uttarakhand,31.0257,78.9163,4911.6,2.729,2.06,524.8,11.5,1534.6,-4.0,1712.0,3.61,0,synthetic
GL0088,South Ridge Tal 291,Himachal Pradesh,32.334,76.2129,5939.7,0.389,23.96,555.9,27.1,1902.2,-2.25,811.4,4.81,1,synthetic
GL0089,Far Col Lake 041,Arunachal Pradesh,27.9965,95.1862,5758.3,0.024,1.12,453.1,8.4,2564.4,5.49,711.7,3.33,0,synthetic
GL0090,Outer Hollow Sar 297,Jammu & Kashmir,33.1457,75.2781,5068.6,0.368,21.65,533.5,16.9,2996.9,2.73,1538.7,5.38,1,synthetic
GL0091,Far Valley Tal 432,Uttarakhand,30.3705,79.2522,4446.3,2.188,30.91,50.0,15.2,1319.0,4.49,1422.1,3.39,1,synthetic
GL0092,East Basin Tal 648,Himachal Pradesh,32.7027,76.4342,5832.5,0.243,3.68,792.7,17.4,1691.1,-1.35,1235.2,3.88,0,synthetic
GL0093,North Cirque Sar 696,Jammu & Kashmir,34.0552,75.3095,5233.8,0.273,26.45,1057.2,25.2,2296.9,1.03,1986.5,4.34,1,synthetic
GL0094,High Col Sar 054,Jammu & Kashmir,34.1087,74.2161,5346.5,1.061,18.06,1275.3,18.1,2231.8,-5.33,1498.5,4.05,0,synthetic
GL0095,West Valley Tal 343,Himachal Pradesh,31.7199,76.9869,5529.7,0.161,12.32,50.0,23.4,2533.1,0.28,864.8,4.07,1,synthetic
GL0096,Inner Cirque Sar 780,Jammu & Kashmir,33.576,76.0832,4342.2,0.129,15.65,915.1,30.8,1959.7,-2.61,863.7,4.26,1,synthetic
GL0097,Outer Moraine Tal 170,Himachal Pradesh,31.3567,77.6,5660.3,0.042,11.63,1374.9,14.1,2165.6,2.47,2353.4,3.54,0,synthetic
GL0098,Far Ridge Tal 057,Uttarakhand,29.8402,79.3611,5724.1,0.182,17.93,736.6,7.7,1787.2,3.53,,2.31,0,synthetic
GL0099,North Hollow Sar 554,Jammu & Kashmir,33.4183,75.211,3997.6,0.066,1.46,50.0,23.4,1929.8,-2.07,454.3,3.12,0,synthetic
GL0100,Outer Moraine Sar 428,Jammu & Kashmir,34.0562,73.9119,5595.9,0.073,1.46,358.4,14.1,3399.0,2.01,1772.2,3.79,0,synthetic
GL0101,Tso Lhamo Lake,Sikkim,28.15,88.7,5330.0,0.6,3.0,1000.0,5.0,450.0,-7.5,380.0,3.1,0,real
GL0102,Lower Valley Lake 770,Arunachal Pradesh,27.8747,97.0132,5587.1,0.108,21.98,991.1,41.5,1617.5,3.51,1308.7,3.01,1,synthetic
GL0103,High Valley Tso 772,Ladakh,34.5299,76.5431,4378.5,0.093,14.25,2114.9,20.7,1538.5,-0.07,1041.5,3.23,0,synthetic
GL0104,West Cirque Tso 243,Ladakh,34.7603,78.165,5670.6,1.978,15.56,632.0,14.6,2818.9,-2.65,1089.3,4.78,1,synthetic
GL0105,Outer Spur Tso 455,Sikkim,27.8326,88.2479,4692.5,0.952,32.39,2000.0,24.8,2206.0,1.91,1020.4,4.09,0,synthetic
GL0106,East Valley Tso 324,Ladakh,34.8493,77.5615,5029.7,0.19,18.96,1190.3,35.0,2582.7,-1.35,1273.0,4.45,1,synthetic
GL0107,East Valley Tal 536,Uttarakhand,31.1311,78.6936,3674.7,0.157,1.7,393.5,18.3,2250.0,-4.26,1750.7,3.5,0,synthetic
GL0108,Lower Col Lake 483,Arunachal Pradesh,28.7805,95.258,4178.9,0.151,23.22,1669.1,3.3,1552.4,-2.33,1091.5,,0,synthetic
GL0109,High Glacier Tal 565,Uttarakhand,30.7313,78.2351,4718.8,0.332,40.68,165.7,17.5,3018.8,0.66,2540.1,3.41,1,synthetic
GL0110,Lower Basin Sar 437,Jammu & Kashmir,33.0815,75.4765,5002.8,0.233,12.15,514.5,6.2,1426.1,-3.36,1867.9,3.97,0,synthetic
GL0111,Lower Plateau Lake 055,Arunachal Pradesh,28.1613,96.7128,4183.0,0.129,0.0,855.6,21.5,938.6,-1.93,1797.9,4.85,0,synthetic
GL0112,Far Hollow Tso 722,Ladakh,33.5221,76.8635,5872.7,0.315,0.36,1441.1,18.4,2020.0,4.07,1292.0,4.32,0,synthetic
GL0113,Inner Spur Tal 728,Uttarakhand,30.9978,79.3968,4701.2,0.075,5.5,982.9,16.2,1629.3,1.01,1778.2,3.98,0,synthetic
GL0114,Lower Ridge Tso 139,Ladakh,34.2174,78.1254,4787.8,0.127,5.32,50.0,21.5,2454.5,-0.69,1782.6,4.07,0,synthetic
GL0115,South Spur Tso 383,Ladakh,33.9259,76.5575,4315.0,0.258,28.94,246.1,3.6,2077.9,3.04,1380.5,3.84,1,synthetic
GL0116,South Col Tal 726,Himachal Pradesh,30.7636,77.2126,5980.8,0.197,0.0,1497.6,23.4,1686.8,-5.38,1814.1,3.11,0,synthetic
GL0117,Outer Basin Tal 553,Himachal Pradesh,32.0425,75.8416,5546.7,0.185,7.83,1425.2,11.4,1240.6,1.29,1192.1,5.63,0,synthetic
GL0118,Far Glacier Tal 422,Himachal Pradesh,31.7059,77.638,5246.4,0.072,20.98,644.5,12.2,2655.5,-9.21,1473.3,5.3,0,synthetic
GL0119,South Valley Tal 733,Himachal Pradesh,32.3546,76.2121,5558.3,0.292,18.58,50.0,27.4,2198.9,3.22,1485.3,3.15,1,synthetic
GL0120,Far Ridge Tal 461,Uttarakhand,29.3865,78.9926,4977.7,0.148,8.71,482.3,16.7,1444.8,2.93,1741.7,3.76,0,synthetic
GL0121,Upper Col Tal 596,Himachal Pradesh,31.3468,77.4158,5098.8,0.301,8.09,762.8,36.3,2886.9,-0.44,1727.9,,1,synthetic
GL0122,West Cirque Sar 683,Jammu & Kashmir,33.9198,76.1696,5378.3,0.071,19.64,50.0,21.1,1145.2,-2.84,1747.5,4.18,0,synthetic
GL0123,East Plateau Tal 581,Uttarakhand,30.3661,78.1222,4198.4,0.373,0.0,859.6,5.3,2508.3,-3.28,1304.2,2.96,0,synthetic
GL0124,Outer Spur Tal 779,Uttarakhand,30.1189,80.2204,5855.2,2.487,26.19,535.8,45.0,1505.1,2.58,533.7,3.8,1,synthetic
GL0125,North Valley Tal 342,Uttarakhand,29.3874,79.2439,3523.1,0.649,25.83,915.3,11.4,2116.0,-2.62,1199.4,5.63,1,synthetic
GL0126,High Spur Tso 314,Ladakh,33.209,77.2435,3901.0,0.399,14.36,1143.2,12.4,2741.0,0.38,1294.0,3.75,0,synthetic
GL0127,Far Valley Tal 442,Uttarakhand,30.6808,79.3272,5347.1,0.133,12.14,60.2,26.9,3463.4,-7.67,1126.9,5.01,1,synthetic
GL0128,High Plateau Tso 211,Ladakh,32.6509,79.2167,5457.1,0.073,9.64,705.3,32.3,2244.3,3.34,1620.4,5.3,0,synthetic
GL0129,West Hollow Tal 454,Himachal Pradesh,32.2814,76.643,5173.6,0.156,14.18,585.8,11.1,1600.1,2.04,1090.1,3.12,0,synthetic
GL0130,North Ridge Tso 529,Ladakh,33.7337,78.7629,4601.3,0.312,23.04,976.6,19.5,1956.7,3.86,1061.0,4.31,0,synthetic
GL0131,Lower Valley Sar 137,Jammu & Kashmir,34.1809,75.064,4337.6,0.142,17.58,87.7,26.2,1318.2,-2.5,1007.0,4.13,1,synthetic
GL0132,Far Cirque Sar 735,Jammu & Kashmir,34.339,76.3296,5922.0,0.22,3.0,1115.1,24.6,1423.2,-6.03,824.0,4.44,0,synthetic
GL0133,Lower Moraine Tso 227,Ladakh,34.3279,78.4573,3725.4,0.754,20.6,50.0,28.9,3552.2,2.01,2013.5,4.07,1,synthetic
GL0134,Outer Basin Sar 629,Jammu & Kashmir,34.2579,76.4803,5944.3,0.051,33.66,85.4,14.7,2526.0,3.69,1200.2,3.68,1,synthetic
GL0135,East Plateau Tal 386,Uttarakhand,30.5121,78.5542,4067.1,0.611,24.55,1554.4,11.7,1459.2,-4.03,1172.7,2.12,0,synthetic
GL0136,West Col Tal 293,Uttarakhand,30.1182,79.2091,4158.4,0.048,10.25,1327.3,21.4,1554.7,-3.9,1020.1,4.29,0,synthetic
GL0137,North Hollow Tso 366,Ladakh,34.2451,76.9486,4594.4,0.052,12.18,50.0,9.0,1844.0,-6.18,1489.9,4.59,0,synthetic
GL0138,West Basin Tso 144,Ladakh,33.905,76.6194,4096.2,0.393,22.0,353.6,1.7,1708.2,-5.33,576.5,,0,synthetic
GL0139,Lower Spur Tal 668,Uttarakhand,29.3341,80.091,5225.7,0.061,21.87,650.7,27.6,2061.4,-1.3,1554.6,3.47,1,synthetic
GL0140,Lower Plateau Tal 177,Uttarakhand,30.2186,80.421,5241.8,1.62,12.43,50.0,35.0,2543.6,-1.75,1114.3,4.87,1,synthetic
GL0141,Inner Valley Tal 287,Himachal Pradesh,31.8884,76.2875,5650.0,0.253,13.87,50.0,16.0,1997.7,-2.06,2008.0,3.03,0,synthetic
GL0142,South Cirque Tal 065,Himachal Pradesh,31.9055,77.2556,4586.4,0.294,15.07,824.2,28.5,3170.8,-0.42,1594.8,3.08,0,synthetic
GL0143,North Spur Lake 195,Arunachal Pradesh,27.9552,94.1931,5209.6,0.213,13.03,386.2,41.7,2461.3,-3.12,1532.7,3.19,1,synthetic
GL0144,West Spur Tso 119,Sikkim,27.3519,88.6958,5365.2,0.326,0.01,805.1,13.8,3643.5,-7.58,1401.8,3.1,0,synthetic
GL0145,Far Valley Tal 532,Uttarakhand,30.2059,80.4896,5282.2,0.271,8.49,973.3,16.5,1342.3,4.97,1291.4,3.93,0,synthetic
GL0146,High Glacier Tso 100,Ladakh,35.3298,77.8417,5426.9,0.221,19.69,1300.6,19.6,1507.6,1.39,1760.6,4.52,0,synthetic
GL0147,High Basin Tso 016,Ladakh,34.3452,78.2013,3850.8,0.342,45.21,1538.4,10.3,1913.2,-6.62,1004.6,4.25,1,synthetic
GL0148,North Glacier Tal 183,Uttarakhand,31.2709,79.1282,4913.7,0.77,8.47,1305.7,17.2,2233.1,2.63,851.3,3.21,0,synthetic
GL0149,East Spur Tso 242,Ladakh,33.9112,78.2378,5203.4,0.461,37.53,996.3,3.6,3012.3,-2.69,1353.6,2.98,1,synthetic
GL0150,High Basin Tso 350,Ladakh,34.6084,77.5725,4953.4,0.51,18.05,355.9,12.2,2181.8,-2.93,745.4,3.73,1,synthetic
GL0151,Outer Valley Tal 711,Himachal Pradesh,31.804,76.5455,5990.7,0.036,5.8,863.9,25.8,1717.8,-1.69,852.4,3.08,0,synthetic
GL0152,Outer Spur Tal 632,Uttarakhand,30.0105,80.0326,5768.6,1.984,6.17,540.3,23.8,2679.8,2.97,1514.2,4.84,1,synthetic
GL0153,North Moraine Tal 090,Uttarakhand,30.0841,80.5088,3513.7,0.35,0.0,588.4,36.0,2635.7,-0.91,1080.5,3.68,0,synthetic
GL0154,East Basin Lake 015,Arunachal Pradesh,28.2874,95.6201,5510.3,0.681,0.0,615.3,13.6,1887.0,2.01,1569.1,5.07,0,synthetic
GL0155,South Basin Sar 440,Jammu & Kashmir,33.3918,74.8885,5791.6,5.0,13.53,540.4,24.7,3169.5,1.91,222.2,4.45,1,synthetic
GL0156,East Hollow Tso 426,Ladakh,33.7128,77.8858,4724.8,0.391,1.78,63.5,5.6,2605.3,0.99,2206.0,3.45,0,synthetic
GL0157,North Ridge Tso 262,Ladakh,32.9056,77.4572,3893.6,0.361,15.55,948.2,26.4,2692.3,-1.85,1993.5,4.18,0,synthetic
GL0158,West Glacier Sar 593,Jammu & Kashmir,33.5545,76.0216,3528.6,0.192,6.97,50.0,20.5,3435.1,0.1,1643.4,3.67,0,synthetic
GL0159,Outer Basin Tso 769,Ladakh,33.4578,76.6916,3816.5,0.229,28.6,1185.9,28.0,2117.3,-4.55,2262.6,4.69,1,synthetic
GL0160,High Valley Tso 298,Ladakh,32.5289,78.3954,4877.4,0.405,38.4,265.8,26.1,2855.6,0.97,819.5,5.13,1,synthetic
GL0161,Far Hollow Tal 746,Himachal Pradesh,31.4855,76.2975,4408.9,0.306,24.0,1520.0,12.3,1476.5,-5.06,1797.2,4.9,0,synthetic
GL0162,South Moraine Tso 753,Ladakh,35.097,77.6182,4293.2,0.097,28.53,613.3,13.0,1763.4,-3.47,1063.1,2.99,0,synthetic
GL0163,Upper Moraine Tso 061,Ladakh,33.9916,77.0692,4148.6,0.36,2.91,962.1,18.6,870.2,-8.36,1293.8,3.82,0,synthetic
GL0164,South Ridge Tso 656,Ladakh,34.3794,77.4857,4928.0,0.787,23.52,831.2,10.6,1888.2,-2.29,1674.5,3.07,0,synthetic
GL0165,East Moraine Lake 296,Arunachal Pradesh,28.9288,95.0073,4612.1,0.035,18.82,195.5,1.0,2451.4,5.92,1994.8,3.79,0,synthetic
GL0166,West Valley Tso 337,Ladakh,33.7392,77.3596,5230.0,0.116,0.0,564.3,18.3,1873.6,2.8,874.9,4.25,0,synthetic
GL0167,North Col Tal 491,Himachal Pradesh,32.9224,76.0254,5231.4,0.587,15.5,1345.8,29.6,2228.0,-2.42,1553.3,3.86,1,synthetic
GL0168,North Basin Tso 395,Ladakh,34.2679,76.7633,4733.0,0.05,9.18,1214.4,21.6,300.0,0.86,2259.1,2.4,0,synthetic
GL0169,East Glacier Tal 351,Himachal Pradesh,31.3713,78.1725,5987.1,0.174,7.56,674.1,23.1,2832.4,-3.99,1593.3,4.16,1,synthetic
GL0170,East Hollow Tal 685,Uttarakhand,30.7447,78.9041,5709.1,0.066,10.35,426.5,25.6,1807.7,-2.17,,2.88,0,synthetic
GL0171,North Ridge Tso 609,Ladakh,34.7029,77.7572,4361.2,0.938,7.98,1310.0,30.6,2136.4,-6.74,2444.8,4.31,0,synthetic
GL0172,High Cirque Tal 230,Uttarakhand,31.0554,78.9678,4057.6,0.716,10.56,771.0,12.2,3168.8,-4.57,1131.3,4.09,0,synthetic
GL0173,North Ridge Tso 500,Ladakh,33.3757,77.9052,3592.1,0.221,9.72,1404.6,23.1,2732.4,0.02,1077.8,4.49,0,synthetic
GL0174,Upper Valley Tal 299,Uttarakhand,30.2829,77.9931,5325.5,0.128,17.67,586.5,19.9,2425.5,-3.7,2032.8,3.79,0,synthetic
GL0175,North Cirque Tso 601,Ladakh,34.8125,77.1511,3559.1,0.623,8.33,570.3,28.5,1383.2,4.82,630.4,3.72,0,synthetic
GL0176,Lower Spur Tso 498,Ladakh,33.1864,77.6288,3861.1,0.331,1.26,419.9,5.3,2494.7,-0.92,477.1,4.28,0,synthetic
GL0177,Upper Glacier Tso 349,Ladakh,34.3124,78.0718,4190.6,0.266,25.13,1165.0,10.5,2049.7,-7.88,1861.6,5.65,0,synthetic
GL0178,North Basin Tal 573,Himachal Pradesh,32.0106,77.2764,4281.6,0.47,13.5,50.0,33.8,1404.6,0.81,1400.0,4.48,1,synthetic
GL0179,Inner Hollow Tal 411,Himachal Pradesh,32.3594,75.9487,5769.9,0.594,14.74,1168.4,29.8,2879.5,2.72,781.5,4.39,1,synthetic
GL0180,Inner Valley Sar 516,Jammu & Kashmir,33.0295,75.6004,5207.7,0.542,22.27,50.0,10.1,1966.8,-4.04,767.7,2.5,0,synthetic
GL0181,Far Hollow Tso 013,Ladakh,33.1513,78.0783,3911.5,0.173,0.29,50.0,19.6,3126.4,-0.94,1240.7,4.23,0,synthetic
GL0182,High Glacier Tso 634,Ladakh,34.8319,76.7906,4112.2,0.082,17.2,1138.1,1.9,1743.1,-6.28,1167.9,4.86,0,synthetic
GL0183,Far Glacier Tal 496,Uttarakhand,28.8661,79.507,5072.3,0.096,0.0,1015.9,13.1,2314.8,2.84,645.5,3.96,0,synthetic
GL0184,Parechu Lake,Himachal Pradesh,32.42,78.72,4700.0,1.2,10.0,300.0,15.0,900.0,-3.5,1000.0,4.4,1,real
GL0185,East Spur Sar 252,Jammu & Kashmir,34.5717,74.3453,5198.6,0.072,22.74,1627.3,18.7,2059.9,-0.42,2316.2,3.18,0,synthetic
GL0186,High Glacier Tso 533,Ladakh,34.8828,77.0979,4708.5,1.027,24.99,472.5,30.4,2586.2,-2.43,1217.0,4.26,1,synthetic
GL0187,Upper Valley Tal 263,Himachal Pradesh,31.6129,76.9126,5214.6,4.689,10.5,635.5,14.0,1782.8,3.91,963.5,3.62,1,synthetic
GL0188,West Col Tso 679,Ladakh,32.6925,78.4685,5601.1,0.122,14.96,822.5,15.7,3087.4,1.03,1622.4,3.02,0,synthetic
GL0189,North Ridge Tal 219,Uttarakhand,30.6195,79.6397,3971.4,1.693,1.39,1264.2,12.1,3408.6,0.57,792.0,3.58,1,synthetic
GL0190,North Valley Tal 106,Uttarakhand,30.9776,79.1121,4402.0,0.379,12.46,849.4,1.0,2072.0,5.49,1366.2,4.05,0,synthetic
GL0191,Upper Basin Tal 310,Himachal Pradesh,31.7064,77.6913,4493.7,0.137,33.57,558.8,29.4,1753.4,-0.64,1272.3,2.64,1,synthetic
GL0192,East Ridge Tso 344,Ladakh,32.6684,79.3173,5637.4,0.326,0.0,50.0,8.6,1811.2,1.78,1589.2,4.42,0,synthetic
GL0193,East Basin Tal 521,Uttarakhand,30.7607,78.6683,3845.2,0.129,29.08,169.2,14.2,2441.2,-5.4,1245.3,4.87,1,synthetic
GL0194,North Col Tso 487,Ladakh,34.5944,77.7932,3737.2,0.079,43.77,1143.6,19.9,3026.3,-5.59,1155.7,5.16,1,synthetic
GL0195,Lower Cirque Tso 056,Sikkim,27.7225,88.2466,4490.4,0.398,30.45,1150.0,16.8,1291.3,-2.62,1408.6,3.84,0,synthetic
GL0196,Far Col Tal 042,Uttarakhand,30.7383,78.5589,4366.2,0.052,0.0,388.2,13.3,2628.2,-0.65,412.5,4.41,0,synthetic
GL0197,West Glacier Tal 680,Uttarakhand,29.6515,80.3777,4229.3,0.765,0.0,502.5,27.9,2700.9,-5.77,1153.1,2.0,0,synthetic
GL0198,South Col Lake 731,Arunachal Pradesh,28.3737,95.7703,5741.4,0.242,5.55,115.7,33.6,2174.1,2.44,1992.5,3.67,0,synthetic
GL0199,Inner Cirque Lake 402,Arunachal Pradesh,28.2882,96.3629,4886.1,0.277,53.16,675.7,19.8,988.2,-3.4,1873.7,2.93,1,synthetic
GL0200,East Basin Tso 276,Ladakh,32.8243,78.0177,5030.6,0.34,19.74,761.5,15.2,1383.9,0.83,1306.3,4.71,0,synthetic
GL0201,Outer Plateau Tal 319,Himachal Pradesh,31.1634,76.6929,3632.6,1.141,25.9,745.1,34.1,1125.7,-1.53,1483.2,3.27,1,synthetic
GL0202,Outer Col Tso 777,Ladakh,33.7779,77.5324,4569.9,0.073,10.83,1432.5,5.6,1916.3,5.96,1504.1,3.71,0,synthetic
GL0203,Upper Valley Tal 768,Himachal Pradesh,31.9457,78.5811,3655.0,0.339,4.43,368.2,13.9,1552.4,-0.4,1509.1,4.78,0,synthetic
GL0204,South Ridge Sar 274,Jammu & Kashmir,33.9232,75.1138,4602.5,0.081,0.0,50.0,8.5,2507.9,-7.09,615.9,5.43,0,synthetic
GL0205,Outer Valley Tso 400,Ladakh,34.5118,76.9854,4813.5,0.208,32.25,929.5,37.8,2261.7,-2.89,994.1,2.52,1,synthetic
GL0206,High Basin Tso 220,Sikkim,27.5974,88.25,3644.2,0.919,34.39,989.8,20.6,2586.7,-3.83,1223.4,3.34,1,synthetic
GL0207,West Cirque Tal 475,Himachal Pradesh,30.8818,77.4171,4918.4,0.4,0.0,1360.1,13.7,2782.8,-1.93,1605.8,4.54,0,synthetic
GL0208,West Col Tal 626,Uttarakhand,30.0812,79.2482,3590.5,0.39,1.44,761.3,6.0,2054.2,-5.59,741.0,5.32,0,synthetic
GL0209,West Valley Tal 681,Himachal Pradesh,32.4266,78.0422,3591.6,0.459,12.39,721.0,7.7,2504.6,-7.24,385.0,3.9,0,synthetic
GL0210,Far Moraine Tso 778,Ladakh,34.2832,77.0291,5189.6,0.069,16.24,50.0,13.8,1509.4,2.26,1045.8,4.32,0,synthetic
GL0211,Inner Hollow Tso 028,Ladakh,32.6789,79.0645,5164.2,0.313,24.12,714.6,22.8,1642.0,-2.13,1398.4,4.66,1,synthetic
GL0212,Upper Glacier Tal 088,Himachal Pradesh,31.3772,76.6749,3736.6,0.168,26.99,648.7,25.2,1809.3,-1.67,1242.3,3.33,1,synthetic
GL0213,High Glacier Tal 193,Uttarakhand,30.4434,79.5666,5198.7,0.215,44.5,1296.0,10.3,2520.9,-4.41,411.8,4.82,0,synthetic
GL0214,Outer Basin Sar 505,Jammu & Kashmir,33.6643,75.9243,3586.2,0.088,17.13,392.3,9.4,1138.6,-6.97,1114.3,3.93,0,synthetic
GL0215,North Hollow Tso 140,Ladakh,34.3401,78.9133,5952.5,0.173,7.01,817.0,20.3,1186.9,2.43,1252.9,3.11,0,synthetic
GL0216,North Hollow Tso 664,Sikkim,27.2214,88.7757,5729.4,0.07,17.79,50.0,8.8,787.9,-2.11,2104.8,3.91,0,synthetic
GL0217,North Spur Tal 182,Uttarakhand,30.3003,80.1901,4227.6,0.296,31.92,754.7,23.6,1558.4,6.06,1534.9,4.57,0,synthetic
GL0218,North Valley Sar 208,Jammu & Kashmir,34.1735,73.9808,5723.3,0.342,34.2,811.2,24.5,2860.0,-5.59,1677.4,,1,synthetic
GL0219,Outer Ridge Tso 522,Sikkim,27.2037,88.5394,4742.3,0.09,24.16,50.0,15.1,2320.0,3.64,1012.5,3.49,1,synthetic
GL0220,South Glacier Sar 509,Jammu & Kashmir,33.899,75.5528,4681.7,0.505,37.35,835.9,23.1,2536.9,-6.61,1530.1,3.19,1,synthetic
GL0221,East Col Tso 045,Ladakh,33.4228,76.7599,5518.6,2.123,17.06,431.3,16.7,2499.9,-7.56,1382.2,3.69,1,synthetic
GL0222,Upper Glacier Tal 577,Uttarakhand,29.5641,80.2044,4531.9,1.187,16.83,394.2,20.0,1361.1,3.08,1393.3,3.46,1,synthetic
GL0223,North Glacier Tal 555,Himachal Pradesh,31.3417,77.5693,5313.5,0.277,5.63,50.0,33.6,1750.6,-7.23,1749.1,3.42,1,synthetic
GL0224,High Hollow Lake 037,Arunachal Pradesh,29.0116,94.8081,3854.0,1.109,9.69,1327.5,19.2,2267.8,3.98,1119.1,3.25,0,synthetic
GL0225,East Cirque Sar 399,Jammu & Kashmir,34.0868,75.6215,5484.5,0.637,8.62,1547.7,14.6,1531.2,-4.98,433.0,5.23,0,synthetic
GL0226,High Moraine Sar 405,Jammu & Kashmir,34.2923,74.1419,5703.5,0.316,29.45,892.6,17.5,2821.8,7.38,1458.7,4.09,1,synthetic
GL0227,West Col Tal 621,Himachal Pradesh,32.4421,77.2206,5322.7,0.97,25.68,1250.0,17.0,1539.3,5.88,536.7,2.86,0,synthetic
GL0228,East Glacier Sar 719,Jammu & Kashmir,34.4062,75.9654,4796.5,0.532,19.82,582.3,14.9,2640.5,2.57,1842.1,3.05,1,synthetic
GL0229,Outer Valley Tal 123,Uttarakhand,29.5637,80.2075,5222.3,0.147,7.12,317.2,27.9,2508.7,4.48,2433.8,3.18,0,synthetic
GL0230,Outer Valley Tso 213,Ladakh,34.2657,78.3722,4054.9,2.886,10.76,389.4,19.1,2741.7,-3.48,984.5,4.85,1,synthetic
GL0231,South Moraine Tal 233,Uttarakhand,29.0879,79.8008,5731.8,0.152,22.44,821.1,17.5,1813.1,-0.97,1575.1,5.65,1,synthetic
GL0232,Inner Plateau Tal 341,Himachal Pradesh,32.2669,78.2553,4069.5,0.073,0.0,56.2,10.7,1050.6,-4.07,292.6,3.19,0,synthetic
GL0233,East Moraine Tso 414,Sikkim,27.5285,88.2162,3514.0,0.196,13.05,667.7,33.5,1944.2,-1.32,867.3,4.57,0,synthetic
GL0234,Far Spur Tso 039,Ladakh,33.4118,78.1533,4706.4,0.367,39.42,556.5,15.2,1610.2,-5.11,677.8,3.29,1,synthetic
GL0235,Outer Hollow Tal 125,Himachal Pradesh,32.1639,77.285,4729.5,0.336,1.54,1331.2,25.3,2162.0,-10.0,808.3,4.55,0,synthetic
GL0236,Inner Moraine Sar 247,Jammu & Kashmir,34.2777,75.8589,5306.2,0.515,0.71,680.8,32.8,1982.2,0.07,1572.9,3.17,0,synthetic
GL0237,East Plateau Tal 235,Uttarakhand,30.6231,77.9432,3672.1,0.677,18.41,892.6,18.6,1662.0,-2.41,1309.5,3.97,0,synthetic
GL0238,West Moraine Tso 184,Sikkim,27.7262,88.44,4496.6,0.043,6.85,596.2,26.4,1598.7,4.3,957.7,3.45,0,synthetic
GL0239,West Col Tso 226,Ladakh,34.5851,78.4662,5549.5,0.872,11.33,1152.2,21.9,1877.2,0.18,1460.2,4.82,1,synthetic
GL0240,Inner Spur Lake 759,Arunachal Pradesh,29.2666,96.1296,5765.7,0.084,9.34,1378.1,24.4,1503.1,-2.43,1182.4,3.57,0,synthetic
GL0241,Upper Cirque Tso 650,Ladakh,33.9977,77.8551,4187.6,0.157,5.2,677.4,13.8,2665.0,-8.28,1337.5,3.3,0,synthetic
GL0242,East Ridge Lake 724,Arunachal Pradesh,28.4418,95.2688,5922.5,0.224,21.67,249.7,22.8,1770.3,0.11,1489.3,4.06,1,synthetic
GL0243,East Moraine Tal 046,Himachal Pradesh,31.3702,77.7476,5898.0,0.268,4.17,428.8,17.3,991.3,-7.15,1541.0,3.58,0,synthetic
GL0244,Upper Moraine Tal 269,Himachal Pradesh,31.8526,78.3811,5663.6,0.256,12.47,435.5,15.7,2655.3,-0.69,1417.6,3.1,0,synthetic
GL0245,Upper Moraine Sar 463,Jammu & Kashmir,33.552,75.5568,5298.1,0.237,1.93,1309.5,21.5,1640.1,-1.9,1554.8,3.8,0,synthetic
GL0246,East Col Tso 132,Ladakh,33.4553,76.6408,3546.1,0.037,18.2,68.2,19.8,1085.2,0.4,1812.3,3.37,0,synthetic
GL0247,Far Cirque Tal 542,Uttarakhand,30.9586,78.9256,5613.9,0.103,27.94,381.8,17.8,2465.2,-3.59,1584.0,2.36,1,synthetic
GL0248,North Valley Sar 672,Jammu & Kashmir,33.9354,76.0095,4006.0,0.075,26.45,50.0,22.9,3151.0,4.17,1668.9,4.57,1,synthetic
GL0249,West Basin Tal 403,Uttarakhand,29.5134,79.7652,3887.4,0.528,0.0,1167.3,24.9,2836.0,0.54,,4.42,0,synthetic
GL0250,East Ridge Tal 179,Uttarakhand,30.7926,79.1416,3860.4,2.056,0.0,849.9,2.9,2029.6,-3.02,257.5,4.31,0,synthetic
GL0251,Upper Ridge Sar 649,Jammu & Kashmir,33.562,75.3335,5539.7,0.214,23.81,692.8,13.2,1728.6,0.73,101.6,4.64,0,synthetic
GL0252,Inner Valley Tso 111,Ladakh,33.7089,77.8175,5439.5,0.383,14.84,50.0,6.6,2119.1,2.1,192.9,4.28,0,synthetic
GL0253,South Hollow Sar 099,Jammu & Kashmir,33.7127,74.2972,4843.0,0.27,21.16,390.6,38.1,1080.8,2.91,1984.0,3.32,1,synthetic
GL0254,North Plateau Tso 519,Sikkim,27.9328,88.7605,5719.9,0.612,4.06,364.6,26.3,962.4,-6.13,1185.9,3.4,0,synthetic
GL0255,Far Ridge Tal 677,Himachal Pradesh,31.9604,77.738,5985.9,0.12,0.0,1005.2,13.2,956.9,-2.05,1915.3,2.99,0,synthetic
GL0256,Upper Basin Tal 445,Himachal Pradesh,32.6424,77.5453,3948.4,0.275,19.6,191.6,36.6,1723.2,3.95,1205.6,4.65,1,synthetic
GL0257,Upper Hollow Tal 588,Uttarakhand,30.7186,78.1779,5002.6,0.695,12.86,1111.7,21.8,2287.2,-2.81,1416.2,4.95,0,synthetic
GL0258,Inner Plateau Lake 261,Arunachal Pradesh,27.6358,92.2947,4053.9,0.459,12.21,510.7,23.4,2007.7,-2.47,1535.2,4.53,1,synthetic
GL0259,Samudra Tapu Lake,Himachal Pradesh,32.48,77.62,4076.0,1.35,28.0,180.0,20.0,1200.0,-2.8,1300.0,4.1,1,real
GL0260,Outer Glacier Lake 049,Arunachal Pradesh,28.1048,94.216,3627.4,0.097,14.32,1124.6,9.2,1508.1,0.45,1189.2,4.52,0,synthetic
GL0261,North Ridge Tso 214,Sikkim,27.1314,88.4384,4475.7,0.276,23.83,50.0,10.4,2277.4,-1.85,1585.9,3.02,1,synthetic
GL0262,West Glacier Tal 353,Himachal Pradesh,32.1722,77.3087,4579.1,0.136,20.14,717.3,3.7,1026.5,-0.01,892.4,4.24,0,synthetic
GL0263,North Spur Tal 092,Himachal Pradesh,32.6664,75.9834,4211.0,0.48,37.03,498.5,21.4,1134.7,2.67,919.7,3.55,1,synthetic
GL0264,Far Moraine Tso 212,Sikkim,27.5497,88.3555,3954.9,2.804,24.83,432.9,29.2,2547.0,5.38,526.1,3.79,1,synthetic
GL0265,Upper Moraine Tal 268,Himachal Pradesh,31.2776,77.6982,3833.7,0.408,18.21,447.6,13.3,1940.4,2.52,934.0,3.95,1,synthetic
GL0266,East Basin Lake 379,Arunachal Pradesh,27.1971,92.5775,4925.5,0.066,0.0,185.7,20.6,2503.5,0.03,1887.8,2.59,0,synthetic
GL0267,Outer Col Tal 043,Uttarakhand,30.5772,77.9401,5434.3,0.122,0.0,956.9,20.2,1700.9,3.58,1079.7,4.03,0,synthetic
GL0268,Inner Glacier Tso 008,Ladakh,34.3336,77.4239,3719.1,0.073,3.03,799.9,9.9,1854.2,3.05,1121.9,,0,synthetic
GL0269,Far Glacier Tso 146,Ladakh,33.5593,77.6602,4319.8,0.41,19.64,50.0,19.4,2764.6,1.22,1252.4,3.63,1,synthetic
GL0270,Far Glacier Tso 523,Ladakh,33.5588,76.6954,5250.6,0.307,20.34,399.9,25.6,2196.8,1.26,1397.1,4.3,0,synthetic
GL0271,South Ridge Tal 239,Himachal Pradesh,32.6515,77.1207,4220.5,0.266,8.99,50.0,13.4,1402.1,-7.54,902.2,3.16,0,synthetic
GL0272,Inner Moraine Tal 240,Himachal Pradesh,31.9713,76.9784,5566.8,0.166,19.79,1012.5,11.6,2783.7,-6.8,676.2,4.57,1,synthetic
GL0273,Outer Basin Tal 635,Himachal Pradesh,32.025,76.447,5853.1,0.319,5.07,810.2,22.6,1211.3,-0.89,1241.2,4.44,0,synthetic
GL0274,South Plateau Tal 662,Himachal Pradesh,31.4504,77.2263,5511.7,1.692,14.88,1066.7,15.4,1983.2,-1.61,1853.3,4.25,1,synthetic
GL0275,Far Spur Tal 021,Himachal Pradesh,31.861,77.411,4657.0,0.215,17.12,748.0,14.7,958.1,-0.35,2163.7,2.77,0,synthetic
GL0276,West Basin Tal 749,Himachal Pradesh,31.995,78.0228,5617.6,0.073,0.63,487.3,16.4,2264.3,0.82,1131.6,4.03,0,synthetic
GL0277,East Cirque Tal 108,Uttarakhand,29.8386,79.2715,4880.4,0.085,39.11,120.3,24.7,1003.2,-4.76,2058.2,,1,synthetic
GL0278,High Spur Tal 309,Uttarakhand,30.1626,79.4074,5990.3,1.346,17.19,1240.5,8.3,1499.9,-5.57,1425.1,4.05,0,synthetic
GL0279,Far Valley Tal 107,Himachal Pradesh,31.4448,76.6143,5407.9,0.133,30.74,442.4,1.0,1275.8,-10.0,1182.9,3.85,0,synthetic
GL0280,Inner Basin Tal 744,Uttarakhand,29.5306,78.8374,4894.5,0.552,12.0,50.0,18.9,2385.3,1.87,1263.3,3.7,1,synthetic
GL0281,Inner Valley Tal 730,Himachal Pradesh,32.1494,76.1802,4769.1,0.21,18.53,860.6,28.4,2300.8,-3.12,1136.6,2.94,0,synthetic
GL0282,South Basin Tal 018,Uttarakhand,30.3543,77.7924,5561.7,0.102,12.06,988.7,21.9,1855.5,-1.97,612.6,3.81,0,synthetic
GL0283,Upper Col Tal 290,Uttarakhand,30.4094,77.9281,5377.7,0.477,21.7,278.6,22.9,1574.4,-3.63,1863.5,4.78,1,synthetic
GL0284,Upper Plateau Sar 191,Jammu & Kashmir,33.401,76.3489,5602.8,0.016,18.63,543.3,17.5,2559.2,-1.76,729.9,3.89,1,synthetic
GL0285,South Moraine Tal 362,Himachal Pradesh,32.1132,78.5722,4566.6,0.412,20.54,309.3,22.2,1981.6,-10.0,1057.6,4.86,1,synthetic
GL0286,South Glacier Sar 703,Jammu & Kashmir,34.4207,75.7127,4772.3,0.058,12.37,1496.2,19.2,1733.0,-7.65,1990.2,3.94,0,synthetic
GL0287,Upper Moraine Tal 623,Himachal Pradesh,32.4925,75.8988,4968.3,0.372,0.98,945.2,18.0,1786.2,-2.53,954.9,4.71,0,synthetic
GL0288,Lower Cirque Tal 285,Uttarakhand,29.8939,79.7296,4773.3,0.234,14.62,50.0,9.3,2002.9,-2.08,1016.9,3.86,0,synthetic
GL0289,Outer Ridge Tso 271,Ladakh,33.9148,78.489,3682.6,0.492,6.1,50.0,14.9,2159.5,-8.05,725.4,4.01,0,synthetic
GL0290,Lower Col Tso 738,Ladakh,33.4325,76.7407,3805.0,0.098,11.08,630.4,2.1,2421.6,3.01,1588.2,3.46,0,synthetic
GL0291,High Col Tso 480,Ladakh,32.6671,78.418,5717.6,0.204,20.77,307.1,19.3,1162.4,2.3,1247.8,4.93,0,synthetic
GL0292,North Cirque Tal 616,Uttarakhand,30.7082,79.241,5402.3,0.078,12.93,50.0,24.7,2373.0,-2.47,1249.8,4.61,1,synthetic
GL0293,Upper Hollow Tso 014,Ladakh,33.1718,78.7884,4102.4,1.42,35.68,510.2,14.6,3049.9,-5.37,852.6,4.51,1,synthetic
GL0294,South Glacier Tso 490,Ladakh,34.522,77.8373,3668.2,0.195,12.89,50.0,12.5,1839.3,-2.88,1375.9,3.47,1,synthetic
GL0295,West Cirque Tal 473,Himachal Pradesh,31.8031,77.9994,4991.5,0.281,11.83,50.0,27.7,1599.4,-1.83,682.7,5.25,1,synthetic
GL0296,Outer Basin Tso 145,Ladakh,34.0271,78.0909,5032.8,0.264,21.37,502.0,14.9,1185.5,-8.42,1169.2,4.05,0,synthetic
GL0297,West Hollow Tal 670,Uttarakhand,31.0603,79.191,4987.2,1.907,22.44,714.4,5.5,2300.3,-3.43,1405.8,4.04,1,synthetic
GL0298,High Col Sar 564,Jammu & Kashmir,32.6252,74.8433,5583.4,1.248,31.56,395.9,9.4,2930.0,0.4,1464.3,3.49,1,synthetic
GL0299,South Hollow Tso 610,Ladakh,33.7239,76.5546,3845.8,0.709,18.37,526.8,15.7,1535.6,1.27,2044.9,3.55,0,synthetic
GL0300,Outer Plateau Tal 450,Himachal Pradesh,31.1142,77.3345,4587.0,0.088,29.91,468.8,9.9,2228.1,-2.21,2069.2,4.27,0,synthetic
GL0301,Far Plateau Tso 409,Ladakh,33.3232,78.0247,4101.6,0.184,8.54,50.0,19.9,2231.5,-4.34,1212.5,2.42,0,synthetic
GL0302,West Spur Tso 699,Ladakh,35.2299,77.6518,5916.0,0.203,0.0,243.2,22.6,2308.4,0.6,1575.5,5.67,0,synthetic
GL0303,Outer Spur Tso 253,Ladakh,34.8402,77.5598,4305.1,1.65,20.38,411.7,40.4,1822.1,-3.5,412.5,5.12,1,synthetic
GL0304,High Spur Tso 073,Ladakh,35.299,77.8604,4305.5,0.722,23.38,651.0,11.1,1541.5,-3.38,1571.3,3.24,0,synthetic
GL0305,North Plateau Tso 651,Ladakh,33.4905,76.5629,4803.9,0.141,9.35,522.7,11.1,2104.6,-2.47,994.4,5.27,0,synthetic
GL0306,East Ridge Tal 385,Himachal Pradesh,31.911,77.2023,5743.2,0.169,20.68,406.8,20.4,1410.2,-4.59,1617.7,4.71,0,synthetic
GL0307,Far Valley Tso 029,Sikkim,27.9227,88.5656,5623.5,0.138,23.99,457.6,19.8,2808.0,3.15,1265.4,5.08,1,synthetic
GL0308,North Cirque Tal 358,Himachal Pradesh,32.5474,76.7563,4143.3,0.636,6.77,108.0,12.3,2164.8,-2.27,1655.1,5.04,1,synthetic
GL0309,Upper Plateau Tal 001,Uttarakhand,31.0825,79.0798,3735.4,0.074,16.53,441.9,17.8,1545.5,1.58,1688.9,4.05,0,synthetic
GL0310,Inner Hollow Tal 438,Himachal Pradesh,32.464,76.2442,4021.9,0.166,36.76,720.6,15.6,2566.9,2.03,1014.3,4.18,1,synthetic
GL0311,Lower Col Tal 023,Himachal Pradesh,31.2119,77.742,4006.0,0.596,12.71,1185.6,24.8,3283.4,1.06,514.0,3.95,1,synthetic
GL0312,High Valley Tal 367,Uttarakhand,30.3212,80.5662,3673.5,0.038,31.25,796.0,27.1,2351.7,-1.33,1162.3,,1,synthetic
GL0313,Outer Glacier Lake 563,Arunachal Pradesh,28.5325,94.5972,3647.9,0.392,0.0,111.6,27.9,2751.9,-0.19,1741.1,4.17,1,synthetic
GL0314,Inner Hollow Tso 272,Ladakh,35.3719,77.8036,5287.3,1.409,0.0,53.7,21.8,3181.8,-0.4,1581.4,4.01,1,synthetic
GL0315,Lower Spur Tal 413,Uttarakhand,31.137,78.0219,5677.7,0.394,38.7,1048.6,15.9,2638.7,4.47,2299.1,4.95,1,synthetic
GL0316,North Glacier Tal 700,Uttarakhand,30.3798,80.5074,3969.7,0.299,30.03,1369.8,22.5,3491.8,-2.75,483.7,4.84,1,synthetic
GL0317,Inner Col Tal 571,Uttarakhand,30.1641,78.2525,5186.7,0.048,15.42,500.8,12.8,3130.0,-5.55,1653.2,5.75,1,synthetic
GL0318,North Col Lake 707,Arunachal Pradesh,27.3424,92.1978,5439.6,0.1,14.22,659.8,20.2,2709.6,1.41,1397.5,3.65,1,synthetic
GL0319,Inner Cirque Sar 318,Jammu & Kashmir,33.4044,75.2666,4038.4,0.612,13.08,455.5,2.4,1413.4,-0.39,1231.1,4.06,0,synthetic
GL0320,West Plateau Tal 548,Uttarakhand,29.6281,80.0168,3988.2,0.225,28.83,384.0,36.6,3479.4,-0.51,1576.3,4.95,1,synthetic
GL0321,Far Basin Tso 080,Ladakh,34.7164,77.1385,3715.0,0.186,27.23,1115.1,19.7,2725.7,-0.55,1019.3,4.56,1,synthetic
GL0322,Inner Basin Tso 204,Sikkim,27.4346,88.4859,3529.5,0.14,7.05,50.0,26.8,2151.1,-4.52,1704.3,3.55,1,synthetic
GL0323,Inner Col Tal 312,Uttarakhand,30.2339,78.3726,4292.8,0.226,0.0,573.4,3.1,2443.7,-0.18,,4.68,0,synthetic
GL0324,West Plateau Sar 124,Jammu & Kashmir,33.9812,75.6613,3685.2,0.095,13.27,50.0,25.6,1503.5,8.33,1074.3,4.06,0,synthetic
GL0325,South Ridge Sar 603,Jammu & Kashmir,33.2616,75.3177,5120.3,1.217,6.02,1123.9,12.1,2246.5,-0.74,1630.7,4.2,0,synthetic
GL0326,Khecheopalri Lake,Sikkim,27.36,88.21,1700.0,0.01,0.0,5000.0,2.0,3200.0,12.0,200.0,2.5,0,real
GL0327,High Glacier Tal 584,Uttarakhand,31.1265,78.5995,4109.6,1.646,40.0,646.4,10.6,1906.0,1.56,1042.8,4.19,1,synthetic
GL0328,Lower Hollow Tal 678,Himachal Pradesh,30.7954,77.1184,3538.7,0.238,0.0,2012.9,13.5,1778.6,1.89,,4.9,0,synthetic
GL0329,Outer Glacier Tso 605,Ladakh,33.0185,77.1339,5633.1,0.057,22.63,942.2,14.7,2290.9,-0.84,1601.2,4.48,1,synthetic
GL0330,High Col Tso 178,Ladakh,33.6137,77.8823,5732.8,0.229,27.55,167.3,3.4,2499.4,0.71,1540.1,4.33,1,synthetic
GL0331,Upper Valley Tal 113,Uttarakhand,31.261,78.9569,5324.5,0.258,28.59,1232.3,5.2,1897.0,3.25,1554.0,4.16,0,synthetic
GL0332,North Plateau Lake 031,Arunachal Pradesh,28.8572,94.2362,4931.0,0.391,30.85,428.6,4.7,2793.7,-2.66,1857.3,4.31,1,synthetic
GL0333,High Valley Tal 295,Uttarakhand,31.0773,78.9618,5250.0,0.295,0.0,1777.9,17.7,2349.8,-0.1,1116.2,3.42,0,synthetic
GL0334,North Moraine Tso 372,Ladakh,34.64,77.0783,3578.2,0.111,19.07,1813.7,18.9,3050.2,-4.09,1279.0,4.5,0,synthetic
GL0335,Outer Col Tal 524,Himachal Pradesh,31.6791,76.0756,4419.6,0.24,16.41,50.0,14.5,2319.9,0.13,1781.2,3.83,0,synthetic
GL0336,East Glacier Tso 163,Ladakh,33.8027,78.0979,4263.7,0.276,0.0,858.4,1.0,3055.5,-0.91,1799.8,3.28,0,synthetic
GL0337,North Ridge Lake 275,Arunachal Pradesh,27.3234,93.4437,3738.1,3.147,0.0,76.1,8.6,1127.2,3.23,2511.2,3.62,1,synthetic
GL0338,West Spur Sar 687,Jammu & Kashmir,33.9333,76.383,5242.4,0.448,10.84,50.0,22.1,1601.2,-0.75,1375.6,2.49,0,synthetic
GL0339,Outer Spur Tso 231,Ladakh,33.4171,78.0958,3894.0,0.017,14.53,443.5,10.6,2802.9,-2.64,1211.3,3.7,0,synthetic
GL0340,Lower Moraine Sar 562,Jammu & Kashmir,33.7264,76.0948,5529.9,0.107,22.37,1072.5,26.2,2239.7,-1.04,1563.4,4.24,0,synthetic
GL0341,Upper Plateau Lake 410,Arunachal Pradesh,27.106,93.5692,4752.2,0.44,32.27,966.4,26.7,3040.0,0.49,1281.6,4.81,1,synthetic
GL0342,Upper Col Tal 587,Himachal Pradesh,31.023,77.0106,4150.7,0.513,17.15,972.0,19.0,1018.8,2.03,1256.2,4.63,0,synthetic
GL0343,Lower Valley Tso 543,Ladakh,33.3082,78.4086,4072.1,0.074,0.96,255.7,19.7,779.2,-1.55,1455.7,3.77,0,synthetic
GL0344,West Cirque Sar 236,Jammu & Kashmir,32.614,75.5663,3636.0,0.444,2.05,50.0,14.9,2596.7,4.41,1691.1,2.83,0,synthetic
GL0345,Upper Valley Tal 047,Uttarakhand,30.5169,79.6049,4103.4,0.629,19.19,1791.3,21.8,2352.0,-2.08,1708.4,4.5,0,synthetic
GL0346,Inner Plateau Tso 356,Ladakh,33.6539,76.885,5333.7,0.032,31.47,1051.9,8.6,2098.1,2.07,1509.6,4.12,0,synthetic
GL0347,High Spur Tal 062,Uttarakhand,28.983,79.474,5041.9,0.156,10.1,619.3,15.2,2782.1,-3.87,868.8,4.38,0,synthetic
GL0348,Upper Ridge Lake 628,Arunachal Pradesh,27.645,94.168,5608.1,0.275,25.76,50.0,3.6,3034.2,-1.15,1351.6,3.11,1,synthetic
GL0349,Outer Valley Tso 136,Sikkim,27.9754,88.3594,5046.7,0.076,16.14,50.0,1.0,1853.2,-7.81,923.9,3.27,0,synthetic
GL0350,Inner Valley Tso 081,Ladakh,32.9502,79.1747,5140.2,0.211,0.0,107.4,10.3,3697.3,4.81,1094.1,3.71,1,synthetic
GL0351,Inner Ridge Tso 157,Ladakh,32.9883,78.6566,5720.1,0.249,4.17,447.5,29.1,1576.1,-6.38,1771.3,,0,synthetic
GL0352,North Valley Tal 446,Himachal Pradesh,30.6246,77.3319,5981.0,0.1,3.69,1405.5,23.6,3478.2,-3.08,1363.1,3.47,0,synthetic
GL0353,Upper Ridge Tal 161,Himachal Pradesh,32.4625,76.5633,5656.4,0.129,8.91,446.9,13.6,1521.5,-10.0,1082.7,4.3,0,synthetic
GL0354,Upper Valley Tal 301,Himachal Pradesh,31.6248,76.0799,3797.1,0.227,0.0,58.6,21.6,3298.7,-0.12,1106.6,4.61,0,synthetic
GL0355,Upper Basin Tso 084,Ladakh,32.8991,77.7954,5650.7,0.139,6.45,160.2,38.5,2293.4,1.6,1055.5,3.85,0,synthetic
GL0356,West Col Tso 436,Sikkim,27.5673,88.2808,5680.0,0.199,15.25,979.4,18.2,1906.4,-1.61,1746.9,3.47,0,synthetic
GL0357,East Cirque Tal 697,Uttarakhand,29.7111,77.781,5406.5,0.839,12.81,688.1,26.1,1143.0,-2.5,1714.6,4.05,0,synthetic
GL0358,West Valley Lake 234,Arunachal Pradesh,28.2192,96.9595,5213.1,0.175,8.93,923.8,16.4,2189.8,2.31,1731.6,3.87,0,synthetic
GL0359,North Ridge Tal 078,Himachal Pradesh,31.9173,76.1035,3632.0,0.273,6.0,482.1,16.3,1924.4,4.7,1250.8,3.8,0,synthetic
GL0360,Lower Plateau Tal 205,Himachal Pradesh,31.7315,76.2053,3820.5,0.854,15.24,50.0,22.9,1784.8,5.11,1299.4,2.21,0,synthetic
GL0361,Far Basin Tal 335,Himachal Pradesh,32.2859,78.2283,4233.4,0.047,25.4,725.2,22.5,1170.8,4.75,995.6,4.13,0,synthetic
GL0362,Lower Hollow Tso 164,Ladakh,34.7504,76.6448,3612.2,0.778,25.13,1339.7,16.3,764.4,-2.16,1705.9,3.22,0,synthetic
GL0363,Lower Basin Tal 612,Uttarakhand,29.7319,79.4895,4763.7,0.918,10.85,254.9,30.8,2129.6,2.32,957.4,5.13,1,synthetic
GL0364,West Spur Tal 282,Himachal Pradesh,32.5804,75.9238,3966.1,0.351,25.74,736.7,38.1,3029.4,-2.58,,4.38,1,synthetic
GL0365,East Moraine Tal 597,Uttarakhand,30.7078,79.448,5472.6,2.414,16.16,1511.7,19.9,2260.0,-2.57,1771.3,5.09,1,synthetic
GL0366,High Plateau Tso 109,Ladakh,33.1895,77.7308,5847.0,0.046,5.36,875.6,21.6,1081.4,-4.04,1009.1,3.71,0,synthetic
GL0367,Outer Basin Tal 110,Uttarakhand,29.2447,79.9181,5530.0,0.236,10.3,670.0,10.7,1354.6,-4.79,982.6,3.07,0,synthetic
GL0368,Inner Glacier Sar 154,Jammu & Kashmir,32.9189,74.7728,3992.4,0.228,15.17,492.4,10.7,1749.3,-2.12,1345.4,4.48,0,synthetic
GL0369,East Spur Tso 658,Ladakh,33.1765,78.8274,3690.1,0.076,30.68,865.3,10.2,1733.2,-4.39,857.1,4.37,0,synthetic
GL0370,West Glacier Sar 378,Jammu & Kashmir,34.4872,75.4766,3921.2,0.212,26.91,1212.6,12.0,1665.4,-0.17,2063.8,4.92,1,synthetic
GL0371,Lower Spur Tal 456,Himachal Pradesh,32.281,77.1419,4984.5,0.064,1.23,158.5,21.7,2242.3,2.23,1676.4,4.86,0,synthetic
GL0372,Lower Glacier Lake 444,Arunachal Pradesh,27.9812,94.1389,4966.0,0.398,0.0,1227.8,18.3,1941.3,-4.45,1611.1,3.36,0,synthetic
GL0373,West Plateau Sar 153,Jammu & Kashmir,33.1324,75.5523,3735.1,0.1,0.0,608.7,16.9,1795.5,5.54,1574.5,4.58,0,synthetic
GL0374,High Valley Sar 311,Jammu & Kashmir,33.3655,74.5851,5408.0,0.115,29.83,755.7,21.3,2982.8,2.55,1682.7,2.86,1,synthetic
GL0375,High Basin Tal 105,Himachal Pradesh,31.7581,76.8013,4183.6,0.147,14.73,288.7,8.4,1870.2,-5.36,1461.4,3.08,0,synthetic
GL0376,East Spur Tal 149,Himachal Pradesh,31.5715,77.5126,4141.8,2.823,10.46,762.0,10.8,1871.5,-0.63,1723.2,4.26,1,synthetic
GL0377,Lower Hollow Tal 141,Uttarakhand,30.0383,78.6822,4687.2,0.27,34.08,679.6,17.7,1670.8,0.54,1538.3,4.01,1,synthetic
GL0378,Inner Col Sar 387,Jammu & Kashmir,34.1331,75.4263,3647.4,0.492,23.68,215.7,13.6,653.5,-5.32,928.8,4.06,0,synthetic
GL0379,Far Plateau Tal 476,Uttarakhand,29.5891,80.2124,4994.4,0.349,15.53,329.9,17.5,2187.1,-3.66,1235.6,3.2,0,synthetic
GL0380,South Spur Tal 732,Uttarakhand,30.0852,79.3481,4562.0,0.212,7.31,461.1,24.0,2570.9,-0.85,1846.4,5.02,1,synthetic
GL0381,Lower Hollow Sar 359,Jammu & Kashmir,32.895,74.998,5777.5,0.44,0.0,599.4,22.6,1935.7,2.26,2455.9,3.24,0,synthetic
GL0382,Lower Plateau Tso 022,Ladakh,33.5413,77.5035,4242.2,1.0,21.99,1466.2,28.6,2385.4,4.6,1519.5,4.66,1,synthetic
GL0383,North Spur Tso 368,Sikkim,27.4633,88.3942,5111.5,0.113,19.03,231.9,16.3,2651.8,-3.95,1694.3,4.66,1,synthetic
GL0384,East Moraine Tso 464,Ladakh,32.8421,78.2029,5160.0,0.072,15.93,509.4,15.1,2229.2,1.12,1650.8,4.44,0,synthetic
GL0385,High Valley Tal 011,Himachal Pradesh,31.744,77.5329,4328.9,0.18,7.65,529.6,27.6,2202.1,-2.06,782.2,2.66,0,synthetic
GL0386,South Basin Tso 104,Ladakh,32.757,78.7835,5067.1,0.028,12.71,518.6,36.9,1152.9,-2.87,2152.9,4.36,1,synthetic
GL0387,Inner Glacier Sar 671,Jammu & Kashmir,34.0404,74.4586,3895.7,0.907,37.44,966.0,33.2,2209.8,-1.49,1564.7,4.0,1,synthetic
GL0388,South Lhonak Lake,Sikkim,27.9067,88.1904,5200.0,1.66,42.0,150.0,28.0,2200.0,-2.1,1800.0,,1,real
GL0389,North Cirque Tal 390,Uttarakhand,30.2294,78.8129,5759.5,0.498,0.55,567.4,33.0,3214.3,1.96,1468.7,3.2,0,synthetic
GL0390,North Col Tso 659,Ladakh,34.2083,76.8348,4510.0,0.179,22.17,425.6,32.7,2362.8,-0.58,1363.5,5.39,1,synthetic
GL0391,West Plateau Tal 471,Uttarakhand,30.3773,80.1455,5349.7,0.461,18.96,446.6,23.9,2089.9,-2.79,1648.0,3.88,1,synthetic
GL0392,High Plateau Tal 708,Uttarakhand,30.4671,78.628,3858.0,0.428,6.53,1110.0,24.8,2598.8,-0.75,1817.1,5.02,0,synthetic
GL0393,Far Basin Sar 514,Jammu & Kashmir,33.4436,74.726,3973.3,0.08,23.0,501.7,18.5,2461.6,-8.0,1943.4,3.72,1,synthetic
GL0394,East Glacier Tso 249,Ladakh,34.5365,78.3464,3899.3,0.437,0.0,1068.8,15.0,2661.0,-4.35,1388.5,4.28,0,synthetic
GL0395,Outer Glacier Lake 750,Arunachal Pradesh,28.4737,96.2842,5710.1,0.078,34.92,310.6,24.1,2807.8,-4.84,1338.0,4.44,1,synthetic
GL0396,North Glacier Tal 305,Himachal Pradesh,32.0849,76.3595,3966.9,0.306,3.8,378.8,27.4,2406.8,0.49,414.4,5.47,1,synthetic
GL0397,North Valley Tal 657,Himachal Pradesh,31.822,77.0438,4644.2,0.114,3.35,392.9,9.2,2552.1,-4.24,853.1,3.69,0,synthetic
GL0398,West Col Tal 126,Himachal Pradesh,32.5932,77.0551,3580.4,0.196,13.22,318.3,14.0,2074.2,0.05,1147.8,3.67,0,synthetic
GL0399,Far Ridge Tal 517,Himachal Pradesh,32.9223,76.5897,5084.7,0.177,28.09,519.2,24.3,2232.1,-6.41,1254.7,3.01,1,synthetic
GL0400,Gepang Gath Lake,Himachal Pradesh,32.36,77.13,4068.0,0.45,24.0,220.0,22.0,1250.0,-2.4,1350.0,4.0,1,real
GL0401,High Glacier Tal 433,Himachal Pradesh,32.5272,77.1834,4568.6,0.039,10.43,1104.8,4.9,2249.0,-1.27,,3.82,0,synthetic
GL0402,South Spur Tso 315,Ladakh,32.9449,79.1006,3697.7,0.662,6.86,856.3,20.3,1764.2,1.15,1494.7,4.17,0,synthetic
GL0403,Lower Moraine Tal 321,Uttarakhand,30.3124,77.8495,5527.2,0.078,22.73,233.0,20.9,1952.1,0.25,1359.1,2.0,0,synthetic
GL0404,Outer Plateau Tal 398,Himachal Pradesh,31.573,76.9328,5400.7,0.374,12.77,276.6,22.7,1739.1,-0.15,1314.1,3.76,0,synthetic
GL0405,Inner Spur Tal 330,Uttarakhand,30.0366,78.2107,5395.0,0.146,7.54,275.4,11.6,1266.0,-6.75,1202.5,3.53,0,synthetic
GL0406,South Plateau Tal 288,Uttarakhand,30.2471,80.2906,5964.6,0.295,10.55,1113.1,17.8,1568.1,-7.51,,4.6,0,synthetic
GL0407,South Ridge Tal 071,Uttarakhand,30.543,79.8289,4316.4,1.153,8.99,50.0,8.6,1436.3,-1.32,,3.73,0,synthetic
GL0408,Lower Col Tal 618,Uttarakhand,30.0338,80.732,3987.7,0.066,1.23,1071.3,14.1,1331.9,3.85,,3.69,0,synthetic
GL0409,East Valley Sar 017,Jammu & Kashmir,34.2898,76.0332,4826.9,0.094,8.65,161.6,17.2,957.5,-6.63,2364.6,2.97,0,synthetic
GL0410,North Cirque Tal 504,Uttarakhand,30.9838,79.4164,3864.7,0.099,25.0,1023.4,24.7,2449.4,-1.24,1037.8,3.35,0,synthetic
GL0411,Lower Valley Tal 207,Himachal Pradesh,32.2655,77.1951,5948.1,0.885,27.68,222.4,1.0,951.5,3.48,1099.4,3.4,0,synthetic
GL0412,West Valley Tal 576,Uttarakhand,30.8935,79.4691,5910.2,0.139,16.26,826.1,17.1,2261.2,-1.23,1218.2,3.76,0,synthetic
GL0413,Upper Valley Tal 334,Uttarakhand,30.8532,78.0346,5328.4,0.185,14.96,209.4,26.1,2628.6,-1.67,1164.7,3.91,1,synthetic
GL0414,East Glacier Lake 443,Arunachal Pradesh,27.3489,94.0311,5393.4,0.16,3.96,1088.5,5.7,1935.8,-1.14,1048.5,4.22,0,synthetic
GL0415,South Moraine Sar 457,Jammu & Kashmir,34.3437,76.2055,4198.6,0.971,0.0,454.8,15.2,2849.2,4.0,574.9,5.13,1,synthetic
GL0416,Outer Valley Tso 355,Ladakh,35.1674,77.9811,5146.1,0.041,28.94,1010.3,29.3,2065.7,2.05,564.4,4.57,1,synthetic
GL0417,Far Basin Sar 682,Jammu & Kashmir,34.6397,74.2057,5087.7,0.344,17.37,1101.5,23.2,2387.3,1.08,387.7,2.57,0,synthetic
GL0418,West Cirque Tal 138,Himachal Pradesh,31.5742,77.0863,4199.1,0.303,35.36,50.0,24.9,869.4,-0.74,2087.5,4.39,1,synthetic
GL0419,West Cirque Tal 005,Uttarakhand,29.9807,80.2618,3849.5,1.215,4.61,1084.1,2.9,1882.3,-0.93,1593.1,4.57,0,synthetic
GL0420,North Col Tso 165,Ladakh,34.2267,78.2015,5382.7,0.332,0.78,50.0,19.4,2310.6,2.73,2085.7,5.26,0,synthetic
GL0421,North Ridge Lake 077,Arunachal Pradesh,27.8485,94.2518,5180.7,0.091,23.41,50.0,10.8,2947.3,1.44,2043.7,3.78,1,synthetic
GL0422,North Basin Sar 361,Jammu & Kashmir,33.7033,74.9609,4233.2,0.524,17.05,50.0,15.0,2046.1,-3.29,2040.9,4.38,1,synthetic
GL0423,East Col Tal 156,Himachal Pradesh,32.1429,77.7285,5606.1,0.091,17.81,675.5,23.2,3520.8,-0.53,1542.5,3.14,1,synthetic
GL0424,Lower Glacier Tal 684,Himachal Pradesh,32.2758,77.7108,4678.2,0.307,21.72,820.3,23.4,2092.3,-2.46,763.5,3.65,1,synthetic
GL0425,Lower Ridge Tso 326,Sikkim,27.7971,88.6923,3828.0,0.292,25.15,1519.8,21.5,1749.1,1.25,950.9,3.17,0,synthetic
GL0426,Lower Ridge Sar 050,Jammu & Kashmir,34.4565,74.0699,4770.4,0.081,0.0,942.9,14.8,1435.5,-1.84,1864.0,2.18,0,synthetic
GL0427,Outer Ridge Tso 673,Sikkim,27.8936,88.6945,5787.8,0.942,14.53,665.9,15.5,1760.4,-3.41,1435.6,3.38,0,synthetic
GL0428,Lower Cirque Tal 489,Himachal Pradesh,30.4471,77.4058,4863.3,0.804,11.28,77.9,18.7,2405.9,-6.61,854.7,3.42,1,synthetic
GL0429,Far Col Lake 155,Arunachal Pradesh,29.2101,94.6086,3646.8,0.177,24.48,1089.8,29.6,3255.9,-4.53,1306.9,4.01,1,synthetic
GL0430,Inner Plateau Tso 345,Ladakh,34.7876,77.847,5254.7,0.229,29.15,879.7,4.8,1383.6,-4.42,872.6,3.93,0,synthetic
GL0431,South Glacier Tal 468,Uttarakhand,30.1724,78.6852,4794.0,0.171,11.1,1074.8,10.9,3227.8,-6.14,2107.7,3.19,0,synthetic
GL0432,Lower Spur Tal 415,Uttarakhand,30.9435,79.5348,5087.8,0.428,11.47,478.8,33.4,3800.0,-5.72,670.3,3.23,1,synthetic
GL0433,Inner Ridge Tal 283,Himachal Pradesh,32.9899,76.6241,5280.0,1.526,17.05,543.5,31.6,2728.9,-2.62,1302.6,4.16,1,synthetic
GL0434,Lower Basin Tal 032,Himachal Pradesh,31.7459,76.9597,3835.2,0.32,27.91,177.2,21.0,2083.2,-0.4,883.3,2.73,1,synthetic
GL0435,High Basin Tal 352,Himachal Pradesh,31.6781,78.4002,4220.2,0.359,9.07,1013.6,4.0,2057.2,-3.47,961.4,4.34,0,synthetic
GL0436,High Moraine Tso 320,Ladakh,33.3219,77.1591,5611.0,0.479,15.25,50.0,29.2,2188.8,-4.37,1797.5,3.46,1,synthetic
GL0437,West Spur Tso 525,Ladakh,33.7694,78.5525,3559.5,0.163,0.0,1068.1,1.0,1739.4,-1.69,1415.2,3.42,0,synthetic
GL0438,North Hollow Tso 420,Ladakh,33.1226,77.5087,3976.3,0.199,3.41,50.0,20.0,3148.7,-0.79,608.6,4.18,0,synthetic
GL0439,Lower Col Tal 070,Uttarakhand,30.2644,78.9562,4772.3,0.311,24.89,570.4,11.4,1830.6,0.72,1301.5,4.27,1,synthetic
GL0440,Far Moraine Lake 766,Arunachal Pradesh,28.3173,95.8902,5392.8,0.034,15.33,910.8,16.8,1982.5,-4.87,799.1,5.47,0,synthetic
GL0441,High Glacier Sar 019,Jammu & Kashmir,33.9963,75.3811,4295.0,0.287,15.0,239.2,20.8,2036.8,5.83,2086.7,4.31,0,synthetic
GL0442,Outer Plateau Sar 416,Jammu & Kashmir,33.5987,75.9824,4394.3,0.085,1.54,982.1,20.2,2497.2,-7.94,558.2,4.53,0,synthetic
GL0443,Lower Glacier Tso 741,Ladakh,33.9094,77.2129,5448.7,0.083,27.65,838.2,4.9,1949.1,9.44,1308.3,3.41,0,synthetic
GL0444,Inner Spur Tso 518,Sikkim,27.3529,88.3492,3901.2,0.675,5.83,608.9,19.7,3105.6,-6.68,844.4,6.24,1,synthetic
GL0445,East Spur Tso 535,Ladakh,32.8058,78.9216,3964.3,0.072,5.12,827.8,29.0,668.7,3.31,1229.9,2.49,0,synthetic
GL0446,Lower Glacier Sar 313,Jammu & Kashmir,33.5229,76.4717,4187.2,0.031,14.55,89.9,18.9,1399.5,-0.02,1309.7,5.12,1,synthetic
GL0447,High Moraine Tso 499,Sikkim,27.6392,88.449,3681.5,0.159,15.23,674.0,16.3,1824.8,-2.73,2553.9,3.38,0,synthetic
GL0448,Upper Plateau Tso 369,Ladakh,34.2295,76.5926,5204.5,0.247,32.12,1454.8,31.3,2610.4,-5.89,1543.6,3.01,1,synthetic
GL0449,East Spur Tal 245,Himachal Pradesh,32.8307,75.9699,4883.0,0.058,11.36,1147.8,23.0,1249.1,0.64,231.2,3.82,0,synthetic
GL0450,South Spur Tso 578,Ladakh,34.4224,78.5087,5133.1,0.26,16.56,617.8,20.3,2969.3,-5.63,1128.9,4.53,1,synthetic
GL0451,High Ridge Tal 762,Himachal Pradesh,31.0371,77.6287,5047.8,1.609,22.58,770.3,14.3,2124.6,-0.92,1499.9,4.59,1,synthetic
GL0452,East Glacier Tal 374,Uttarakhand,30.9944,78.4977,4843.5,0.118,15.26,1413.9,36.2,1570.7,0.34,1579.4,4.31,1,synthetic
GL0453,Inner Ridge Tso 304,Sikkim,27.4712,88.1649,5356.2,0.378,15.45,621.7,20.2,2081.4,-1.68,1606.5,3.57,0,synthetic
GL0454,Inner Basin Tal 075,Uttarakhand,30.8502,78.0405,4475.2,0.055,4.05,713.4,29.9,3800.0,-3.55,2017.7,4.2,1,synthetic
GL0455,Far Hollow Tso 053,Sikkim,27.7148,88.4284,4403.8,0.109,25.26,919.8,22.0,2912.3,0.72,1670.0,4.51,1,synthetic
GL0456,High Ridge Tal 758,Himachal Pradesh,32.3265,77.4599,5886.2,0.56,0.0,934.3,1.2,1758.8,-6.1,1192.2,4.67,0,synthetic
GL0457,Far Cirque Tal 127,Uttarakhand,31.2126,78.3599,5390.2,0.712,0.0,50.0,20.5,2095.4,-0.9,1068.9,4.53,1,synthetic
GL0458,Inner Ridge Tal 102,Himachal Pradesh,32.2152,76.3579,5953.5,1.242,11.32,303.4,15.1,2431.4,-1.87,1102.4,5.17,1,synthetic
GL0459,Inner Valley Tso 185,Sikkim,27.6931,88.1559,5347.9,1.181,5.2,578.8,18.8,1458.9,-1.69,1302.7,4.91,0,synthetic
GL0460,North Plateau Tal 331,Himachal Pradesh,31.8704,77.5578,4769.3,0.391,23.59,553.1,27.7,2105.2,1.27,1055.1,2.55,1,synthetic
GL0461,Outer Basin Tal 169,Himachal Pradesh,32.125,77.4159,4182.9,0.191,0.0,332.1,9.9,3124.2,-7.46,579.3,4.89,1,synthetic
GL0462,High Col Tal 034,Himachal Pradesh,31.8567,76.8115,5716.0,0.487,14.32,514.8,11.0,2379.7,-4.48,1632.8,4.87,1,synthetic
GL0463,West Col Tso 631,Ladakh,33.4258,77.2406,5444.9,0.935,1.16,343.7,18.9,1978.9,1.49,2800.0,4.34,1,synthetic
GL0464,South Spur Tso 338,Sikkim,27.682,88.66,3804.2,0.486,0.0,50.0,24.6,2037.5,2.49,859.6,4.28,0,synthetic
GL0465,West Spur Tso 448,Ladakh,32.7995,79.1171,4074.3,0.212,29.02,50.0,8.7,2569.1,2.29,821.3,4.02,1,synthetic
GL0466,Far Basin Tal 653,Uttarakhand,30.8475,79.3881,5311.0,0.405,6.88,512.9,35.8,2263.3,1.54,1569.9,4.22,1,synthetic
GL0467,East Cirque Tal 458,Himachal Pradesh,30.8634,77.2678,5014.9,0.522,23.15,1127.0,14.1,2074.3,-1.61,2144.0,2.0,0,synthetic
GL0468,Outer Hollow Tso 284,Ladakh,33.8701,77.4744,5495.5,0.23,17.36,50.0,13.8,2481.7,0.58,937.7,4.13,0,synthetic
GL0469,Far Cirque Tal 120,Uttarakhand,30.7665,79.7599,4690.3,0.173,18.12,1112.5,16.5,1722.4,-9.47,1620.5,3.91,0,synthetic
GL0470,Lower Spur Tso 704,Ladakh,33.5143,77.0918,4469.6,0.165,24.32,639.4,27.6,1867.8,9.16,1017.8,3.28,1,synthetic
GL0471,Outer Ridge Tal 484,Himachal Pradesh,31.059,76.7253,4348.7,0.264,3.25,50.0,15.9,1607.9,-0.78,599.3,4.65,0,synthetic
GL0472,Lower Glacier Tal 209,Uttarakhand,30.2889,79.2021,3853.2,0.328,38.41,50.0,17.8,2297.9,-4.08,1314.2,2.72,1,synthetic
GL0473,East Moraine Tal 087,Himachal Pradesh,31.5579,76.8047,5082.9,0.18,0.0,514.2,4.0,2728.7,3.81,901.5,4.24,0,synthetic
GL0474,West Col Tal 115,Himachal Pradesh,32.1615,76.624,3820.7,0.362,28.01,50.0,26.8,2105.4,-2.21,564.4,4.4,1,synthetic
GL0475,South Valley Tso 740,Ladakh,33.2904,78.8362,4864.6,0.198,21.07,939.5,6.8,1499.8,3.91,1445.2,3.54,0,synthetic
GL0476,Upper Glacier Sar 217,Jammu & Kashmir,33.2273,75.8894,3932.6,2.174,4.86,1029.5,19.9,1078.8,1.2,1933.8,3.31,0,synthetic
GL0477,South Moraine Tal 168,Uttarakhand,30.2027,78.2621,4928.9,0.175,12.8,277.9,23.3,1810.1,1.93,1440.6,3.44,0,synthetic
GL0478,South Valley Tso 259,Sikkim,27.1744,88.313,3646.0,0.137,15.96,283.4,23.1,2188.9,-3.07,774.9,4.21,0,synthetic
GL0479,Lower Cirque Tso 752,Ladakh,33.7822,78.0887,5619.3,0.053,27.27,50.0,14.4,3296.3,-2.65,1345.0,4.61,1,synthetic
GL0480,Inner Col Tal 388,Uttarakhand,30.9126,78.9158,4438.9,0.058,7.56,396.3,14.4,2148.7,3.49,1706.0,3.21,0,synthetic
GL0481,North Moraine Sar 739,Jammu & Kashmir,33.5557,75.9507,4551.3,0.812,1.41,710.8,14.7,2035.9,1.53,1786.6,5.12,0,synthetic
GL0482,North Ridge Tal 375,Himachal Pradesh,32.509,75.9418,5524.4,0.329,17.41,660.6,1.0,2047.7,-3.84,706.8,5.15,0,synthetic
GL0483,South Moraine Tal 094,Uttarakhand,30.464,80.5754,4577.7,0.423,8.68,83.8,38.8,2312.4,-4.06,1758.0,3.91,1,synthetic
GL0484,East Moraine Tso 690,Ladakh,32.6794,79.1951,5612.0,0.35,27.91,780.5,17.1,1158.5,-1.7,1916.6,3.01,1,synthetic
GL0485,West Col Tso 072,Ladakh,34.055,77.1206,5882.3,0.031,15.43,597.7,27.4,2872.0,-0.79,1049.8,4.39,1,synthetic
GL0486,East Basin Sar 663,Jammu & Kashmir,32.3367,75.3773,5055.5,0.514,16.21,650.0,14.4,1726.1,-2.79,1531.6,4.51,0,synthetic
GL0487,High Col Tal 706,Himachal Pradesh,32.3201,77.8323,5558.2,0.189,5.38,1000.0,3.3,1228.4,-3.57,1641.5,4.99,0,synthetic
GL0488,Inner Plateau Sar 538,Jammu & Kashmir,33.7638,74.2675,3583.6,0.464,13.57,50.0,11.3,1112.4,-0.65,1551.7,4.21,0,synthetic
GL0489,North Plateau Tal 449,Himachal Pradesh,32.237,77.3987,4582.8,1.581,15.88,98.8,15.2,1061.7,-5.05,1980.2,3.89,1,synthetic
GL0490,Upper Ridge Sar 198,Jammu & Kashmir,33.4325,75.464,4123.9,0.154,7.39,417.8,14.2,1753.0,-1.47,1032.4,2.83,0,synthetic
GL0491,East Glacier Tso 363,Sikkim,27.9838,88.7641,5391.2,1.056,22.94,162.2,12.2,2421.7,-3.68,241.4,3.96,1,synthetic
GL0492,Upper Valley Sar 255,Jammu & Kashmir,34.5085,74.9401,4935.1,0.897,6.58,774.1,15.6,2313.4,-3.7,858.3,4.84,0,synthetic
GL0493,West Cirque Tal 558,Himachal Pradesh,31.5086,76.7572,4081.3,1.339,15.91,830.4,15.6,2528.2,4.03,1234.4,5.38,1,synthetic
GL0494,Inner Valley Tso 328,Sikkim,27.5417,88.4763,5147.0,0.106,26.9,813.4,14.0,2194.6,-1.79,866.2,4.06,1,synthetic
GL0495,High Plateau Tal 373,Himachal Pradesh,31.6562,76.8,4567.3,1.052,23.56,108.8,8.7,2419.8,-2.12,1286.8,4.86,1,synthetic
GL0496,High Basin Sar 218,Jammu & Kashmir,33.1699,75.4013,3965.3,0.09,17.75,338.8,13.8,2580.6,-5.57,847.3,4.12,0,synthetic
GL0497,East Glacier Sar 686,Jammu & Kashmir,34.569,75.1994,5500.4,0.212,0.0,869.9,11.7,2585.6,3.11,1206.0,3.18,0,synthetic
GL0498,Outer Hollow Tso 292,Ladakh,33.1507,78.2058,3581.9,1.086,17.42,95.4,20.7,2005.0,10.59,1442.6,3.7,1,synthetic
GL0499,East Plateau Tso 591,Ladakh,32.5825,79.3304,4642.2,0.315,0.0,473.9,24.4,2493.9,-4.26,715.9,4.01,0,synthetic
GL0500,Far Hollow Sar 478,Jammu & Kashmir,32.4614,75.209,3513.8,1.607,5.52,971.4,17.5,1887.0,0.71,1150.4,2.0,0,synthetic
GL0501,North Hollow Tal 266,Himachal Pradesh,31.3714,77.889,4310.3,0.432,14.15,50.0,21.4,895.9,-4.81,1975.8,5.46,0,synthetic
GL0502,Inner Moraine Tal 117,Uttarakhand,30.475,78.7795,5966.6,0.136,17.69,601.0,20.5,1645.9,-1.81,501.0,4.11,1,synthetic
GL0503,Far Cirque Tso 396,Ladakh,33.1097,79.1838,4058.6,0.392,22.02,394.2,1.2,2549.7,4.62,,2.41,0,synthetic
GL0504,Inner Plateau Sar 254,Jammu & Kashmir,34.6828,74.7157,4453.5,0.61,0.0,1334.0,25.1,2074.7,0.76,917.3,3.54,0,synthetic
GL0505,South Spur Tso 754,Ladakh,33.4331,77.1798,4579.0,0.156,13.27,1679.3,37.1,1414.8,-4.7,770.3,4.85,0,synthetic
GL0506,West Spur Tso 190,Ladakh,34.6296,77.1904,3702.0,0.256,10.61,1299.6,26.6,2421.9,-0.99,1496.6,3.31,0,synthetic
GL0507,North Col Sar 244,Jammu & Kashmir,34.058,74.2131,4070.7,0.117,17.84,128.4,16.0,2601.9,-1.14,593.7,2.95,0,synthetic
GL0508,High Hollow Tal 162,Uttarakhand,30.0958,79.2527,3875.3,0.623,18.35,1284.4,18.5,2422.5,-0.22,1155.9,4.32,1,synthetic
GL0509,East Valley Tal 228,Himachal Pradesh,31.3009,78.8002,5998.5,0.074,22.39,50.0,14.0,3081.4,-5.26,1734.9,3.61,0,synthetic
GL0510,Outer Ridge Sar 691,Jammu & Kashmir,34.6033,75.1824,3640.4,0.42,3.28,50.0,20.4,1771.2,4.93,2242.3,5.59,1,synthetic
GL0511,High Plateau Tal 027,Himachal Pradesh,32.8266,75.9837,3804.8,1.356,9.51,653.9,29.8,1058.5,-5.88,499.4,3.36,1,synthetic
GL0512,Lower Basin Tso 130,Ladakh,33.342,76.5648,5139.7,0.202,23.07,837.6,11.8,1990.4,2.15,1496.7,2.88,0,synthetic
GL0513,Far Valley Tal 294,Uttarakhand,31.3515,79.1707,5897.9,0.217,18.65,50.0,8.8,2038.8,0.26,1830.8,4.49,1,synthetic
GL0514,Outer Glacier Tal 258,Uttarakhand,31.1315,78.4273,4000.7,0.373,12.97,50.0,18.1,1384.6,-7.57,1368.4,4.39,0,synthetic
GL0515,Far Basin Tso 203,Ladakh,34.9166,77.1818,4209.0,0.37,25.73,976.2,28.3,2098.8,-0.44,1555.8,4.11,1,synthetic
GL0516,High Glacier Tal 459,Uttarakhand,29.9546,79.7241,4447.6,0.141,15.77,914.1,15.9,1805.4,-2.08,1296.3,2.61,0,synthetic
GL0517,Upper Cirque Tso 189,Ladakh,32.9161,77.9097,5266.7,0.453,0.0,827.0,29.1,1956.0,1.98,954.9,2.81,0,synthetic
GL0518,Outer Glacier Tso 614,Sikkim,27.2299,88.1804,4570.5,0.417,34.68,1443.2,5.7,1872.7,-6.98,2059.9,4.81,1,synthetic
GL0519,West Cirque Sar 232,Jammu & Kashmir,33.1761,75.1193,4701.5,0.588,8.31,1252.3,11.3,2755.9,-6.26,1836.6,3.68,0,synthetic
GL0520,East Ridge Tso 333,Ladakh,32.5755,79.0328,3807.4,0.11,14.39,421.7,20.2,2834.2,-2.63,771.2,4.26,1,synthetic
GL0521,High Valley Tal 377,Uttarakhand,30.5439,78.6432,4308.5,1.673,15.06,1490.9,24.8,2299.6,-1.73,988.0,4.06,1,synthetic
GL0522,North Ridge Tso 667,Sikkim,27.2084,88.2314,3612.4,0.686,0.0,478.8,13.7,2721.3,0.85,1621.1,5.23,0,synthetic
GL0523,Upper Moraine Tal 197,Uttarakhand,30.777,79.0549,4536.1,0.211,21.88,278.2,15.7,2730.4,1.56,809.0,3.32,1,synthetic
GL0524,Upper Ridge Tso 286,Ladakh,33.1489,77.9537,5226.0,0.483,19.51,1032.9,24.4,2482.7,-1.84,1422.5,4.85,1,synthetic
GL0525,South Moraine Tal 594,Himachal Pradesh,31.3713,76.2965,4550.1,0.282,17.52,223.2,5.0,1367.6,-1.33,1154.0,,0,synthetic
GL0526,Lower Spur Tal 064,Himachal Pradesh,32.4238,76.417,5686.4,0.104,21.35,1281.7,1.1,1893.4,-4.53,1359.6,3.54,0,synthetic
GL0527,Far Basin Sar 095,Jammu & Kashmir,34.3926,76.3245,3649.6,1.846,20.59,411.9,13.4,1833.3,-2.39,1111.1,4.73,1,synthetic
GL0528,Lower Cirque Tal 549,Himachal Pradesh,31.432,77.5993,4298.3,0.276,0.0,504.7,11.2,2696.7,1.98,1588.3,4.32,0,synthetic
GL0529,South Plateau Tal 743,Himachal Pradesh,32.0956,78.0068,5130.6,0.347,0.0,1078.0,1.0,1718.9,-1.42,905.1,3.64,0,synthetic
GL0530,South Basin Tal 007,Uttarakhand,30.9596,78.9674,3556.8,0.186,0.65,843.5,13.8,2108.1,0.18,1523.3,4.53,0,synthetic
GL0531,High Hollow Lake 430,Arunachal Pradesh,29.2627,95.7694,5977.6,0.261,26.44,374.4,13.4,1659.6,-8.71,1943.5,3.49,1,synthetic
GL0532,North Moraine Tal 082,Himachal Pradesh,31.1316,77.2405,5394.8,0.055,5.86,674.3,21.3,2371.4,-6.12,1727.3,3.36,0,synthetic
GL0533,East Spur Tso 079,Sikkim,27.6472,88.7622,3731.9,0.231,30.46,630.9,18.3,2042.3,-1.49,2159.4,2.14,1,synthetic
GL0534,West Moraine Tal 441,Uttarakhand,30.618,78.0917,5209.3,0.294,4.71,326.8,31.4,2167.2,-3.46,727.4,2.5,1,synthetic
GL0535,Far Valley Tso 093,Ladakh,33.9923,77.9149,3849.1,0.572,0.0,62.6,25.9,2275.6,-0.06,2229.7,4.37,1,synthetic
GL0536,East Ridge Tal 229,Himachal Pradesh,31.2226,77.6864,5343.7,0.83,4.77,729.8,20.3,2415.3,-0.32,878.1,2.92,0,synthetic
GL0537,Far Hollow Tal 556,Himachal Pradesh,32.2501,77.0831,5500.7,0.588,13.92,864.3,24.7,2230.4,-2.0,,4.48,1,synthetic
GL0538,High Spur Tal 237,Uttarakhand,28.9537,79.3902,5810.7,0.622,5.33,427.4,1.0,1696.0,-3.34,790.2,4.13,0,synthetic
GL0539,Far Glacier Sar 561,Jammu & Kashmir,33.0344,75.3864,4494.4,0.05,16.78,50.0,10.4,2850.6,0.56,1874.6,5.25,1,synthetic
GL0540,Far Glacier Tal 148,Uttarakhand,29.4467,79.1121,4562.8,0.29,16.29,707.5,25.0,2460.8,-1.35,895.4,,1,synthetic
GL0541,West Ridge Sar 470,Jammu & Kashmir,34.6171,74.1023,5004.6,0.048,26.02,549.7,15.0,1209.6,0.59,1638.1,5.43,0,synthetic
GL0542,Lower Ridge Tso 655,Ladakh,33.7255,76.6586,3677.5,0.117,25.61,332.7,23.9,1236.0,-7.82,1185.5,2.75,0,synthetic
GL0543,South Cirque Tso 675,Ladakh,33.3075,77.5015,4532.2,0.035,11.39,1193.4,23.2,2777.5,0.67,2505.2,3.53,0,synthetic
GL0544,Outer Valley Tal 009,Himachal Pradesh,31.6931,78.6638,4264.9,0.346,7.87,50.0,18.6,1755.8,-0.69,1310.9,5.28,0,synthetic
GL0545,East Cirque Tso 547,Sikkim,27.8187,88.7192,5538.4,0.145,0.0,924.4,8.7,2403.6,3.37,1308.4,4.8,0,synthetic
GL0546,Outer Ridge Tso 112,Ladakh,34.901,78.0901,4488.1,0.054,0.0,1071.4,9.1,1803.9,-6.35,595.0,3.86,0,synthetic
GL0547,Inner Spur Tal 712,Himachal Pradesh,31.7506,76.5182,5475.2,0.08,0.0,516.8,21.3,2298.6,-3.18,1310.1,2.53,0,synthetic
GL0548,Inner Col Tal 265,Uttarakhand,30.7344,79.32,4090.7,0.175,24.11,751.5,23.3,2057.7,2.59,1762.3,4.36,0,synthetic
GL0549,South Cirque Tal 424,Himachal Pradesh,31.8153,77.308,3965.0,0.159,2.38,483.1,27.9,1761.5,-4.55,1377.7,4.4,0,synthetic
GL0550,Outer Valley Tal 737,Uttarakhand,29.9011,78.1955,5122.5,0.062,9.54,1238.1,22.7,1998.1,-1.1,1590.5,4.62,0,synthetic
GL0551,North Moraine Tal 302,Himachal Pradesh,31.0308,76.6729,5605.0,0.605,9.44,394.8,33.2,1635.8,-3.88,1234.8,4.33,1,synthetic
GL0552,Upper Cirque Tal 586,Himachal Pradesh,32.2146,77.2405,3608.8,1.304,20.38,1263.9,14.8,1618.7,-2.29,720.4,4.39,0,synthetic
GL0553,Outer Plateau Tso 647,Ladakh,34.5249,77.1501,5077.9,0.097,24.17,598.5,11.8,2229.9,-7.39,482.3,3.1,0,synthetic
GL0554,Upper Valley Tal 537,Uttarakhand,30.0483,79.572,5480.2,0.688,40.71,704.8,29.1,2773.5,-3.62,1313.3,2.97,1,synthetic
GL0555,Outer Hollow Tso 172,Ladakh,34.5001,76.6038,5572.9,0.16,10.16,870.6,10.6,1833.2,-1.19,,3.52,0,synthetic
GL0556,High Glacier Tso 175,Ladakh,34.0091,77.2655,5924.8,0.135,24.19,219.0,27.8,3536.9,-1.93,203.7,3.56,1,synthetic
GL0557,High Spur Tso 397,Sikkim,27.8556,88.2375,5536.7,0.065,24.33,900.6,13.1,1987.9,-8.32,1133.9,4.01,0,synthetic
GL0558,East Cirque Tso 511,Ladakh,33.5661,77.9122,4700.4,0.357,12.3,477.5,18.4,2146.3,-0.93,1000.6,3.56,1,synthetic
GL0559,Inner Glacier Tso 371,Ladakh,32.9783,78.5893,3866.3,0.176,38.7,50.0,21.4,1453.4,1.68,1449.2,4.3,1,synthetic
GL0560,North Glacier Tal 401,Himachal Pradesh,30.9543,77.1967,4332.1,0.342,27.15,815.4,19.5,1582.0,1.54,100.0,4.31,1,synthetic
GL0561,Upper Ridge Sar 360,Jammu & Kashmir,32.6233,74.9737,3982.4,0.664,10.44,470.0,23.5,1977.8,-2.32,1305.3,4.64,1,synthetic
GL0562,South Glacier Tso 630,Ladakh,33.3065,76.8553,5208.2,0.461,6.32,797.7,24.2,2132.4,6.93,2014.0,4.94,0,synthetic
GL0563,Upper Basin Tso 582,Ladakh,34.0815,76.9989,5043.7,2.045,21.34,948.5,16.7,894.0,0.86,1017.4,4.44,1,synthetic
GL0564,Upper Plateau Lake 069,Arunachal Pradesh,27.1536,93.5561,5615.0,0.513,0.0,765.5,15.3,1786.2,1.55,2039.6,5.44,0,synthetic
GL0565,High Plateau Sar 615,Jammu & Kashmir,33.6603,74.087,3580.6,0.587,24.79,504.7,14.8,2836.7,4.32,925.3,3.79,1,synthetic
GL0566,Lower Plateau Tal 763,Uttarakhand,30.5012,79.6098,3541.7,0.164,20.9,1591.3,1.0,3578.2,-2.32,1473.9,2.87,0,synthetic
GL0567,West Col Tal 643,Uttarakhand,29.4859,79.4833,4794.4,0.109,12.19,214.7,7.1,1568.7,-5.52,1089.9,4.35,0,synthetic
GL0568,North Hollow Tal 715,Himachal Pradesh,31.6767,76.4443,4596.8,0.191,37.19,1105.0,23.2,2347.5,-2.08,2299.7,4.64,1,synthetic
GL0569,Upper Valley Tso 407,Ladakh,33.1303,77.4482,4881.7,0.125,19.92,365.0,5.5,2555.7,2.41,1144.5,3.7,1,synthetic
GL0570,South Basin Sar 572,Jammu & Kashmir,33.1205,75.8348,4554.8,0.137,6.37,436.8,17.1,2415.4,-5.83,958.9,3.87,0,synthetic
GL0571,Lower Cirque Sar 552,Jammu & Kashmir,33.348,76.4464,4067.7,0.582,8.04,1025.8,18.5,3088.6,-5.54,561.9,3.51,1,synthetic
GL0572,Inner Col Tal 058,Uttarakhand,30.7603,79.35,5457.4,1.299,1.47,410.1,11.2,1518.7,-2.64,2013.7,5.47,0,synthetic
GL0573,Upper Moraine Tal 527,Himachal Pradesh,32.2971,76.8538,5448.4,0.161,32.88,370.1,21.8,2486.5,4.52,1141.5,3.48,1,synthetic
GL0574,East Basin Sar 068,Jammu & Kashmir,32.6015,75.0174,5080.7,0.341,22.4,100.1,8.6,2818.0,-2.94,591.6,4.36,1,synthetic
GL0575,West Valley Lake 096,Arunachal Pradesh,27.1876,93.3678,5910.9,1.029,29.95,1079.8,4.4,2638.9,-0.08,497.4,3.98,1,synthetic
GL0576,High Spur Tso 775,Sikkim,27.1941,88.1984,4650.7,0.235,7.52,608.9,23.3,2634.3,0.68,1239.4,4.63,0,synthetic
GL0577,Outer Plateau Tso 602,Ladakh,33.6064,77.6773,5344.5,0.289,15.21,1119.3,29.8,1978.0,1.36,749.2,,0,synthetic
GL0578,Outer Valley Tal 550,Uttarakhand,31.2825,79.1451,5288.1,0.05,10.34,228.9,19.6,2108.7,-2.32,1813.8,3.12,0,synthetic
GL0579,High Cirque Tal 674,Uttarakhand,30.6798,78.2611,4997.9,0.967,8.35,812.3,24.5,1210.5,3.29,1216.3,3.93,0,synthetic
GL0580,South Valley Tso 725,Ladakh,34.9212,78.0258,4078.5,0.181,10.5,1254.8,19.3,2769.1,-0.44,1032.2,4.11,0,synthetic
GL0581,High Spur Tal 600,Uttarakhand,30.9728,78.6979,5637.7,0.496,6.42,952.5,1.0,1610.6,-4.38,1339.2,3.84,0,synthetic
GL0582,South Valley Tal 481,Himachal Pradesh,33.1973,76.5757,4422.9,0.168,15.01,660.6,2.6,1950.0,1.28,1110.8,3.82,0,synthetic
GL0583,West Moraine Tal 767,Himachal Pradesh,31.9026,76.434,5451.3,1.584,0.0,831.9,22.9,2442.9,4.25,2318.0,3.81,1,synthetic
GL0584,Far Glacier Tal 654,Himachal Pradesh,32.3667,76.2461,3956.9,0.401,14.2,445.9,42.1,1099.6,1.85,868.7,4.1,0,synthetic
GL0585,South Spur Tso 354,Ladakh,33.8518,77.1726,4750.1,0.387,9.97,133.0,13.4,1326.1,1.59,911.6,4.87,0,synthetic
GL0586,Outer Basin Tso 060,Ladakh,33.5876,77.6559,3907.2,0.417,0.0,933.3,9.2,1162.5,-1.7,1342.0,3.45,0,synthetic
GL0587,Upper Ridge Lake 539,Arunachal Pradesh,28.645,93.478,4399.3,0.148,29.15,353.2,23.9,1767.9,-2.28,100.0,3.76,1,synthetic
GL0588,North Basin Sar 151,Jammu & Kashmir,34.5373,76.3277,4308.2,0.121,23.13,228.1,13.3,1486.4,3.05,1616.7,4.48,0,synthetic
GL0589,Upper Cirque Tal 002,Uttarakhand,29.342,79.0955,3659.5,0.656,14.4,507.6,11.9,2894.7,-2.04,1085.8,3.72,0,synthetic
GL0590,West Glacier Tal 135,Uttarakhand,30.121,79.1959,5923.6,0.099,25.39,966.2,2.5,1837.7,-4.52,1946.8,2.92,0,synthetic
GL0591,High Ridge Tso 508,Ladakh,32.7667,78.6925,4585.4,1.454,6.37,1295.7,8.6,2147.3,2.64,1865.7,3.66,0,synthetic
GL0592,North Spur Tal 418,Himachal Pradesh,32.8099,76.2547,4574.1,0.067,34.14,566.3,35.2,2893.9,-4.29,1257.5,4.1,1,synthetic
GL0593,North Col Tso 167,Sikkim,27.7444,88.6434,5570.5,0.601,0.0,341.5,24.2,1700.8,-7.13,,4.9,0,synthetic
GL0594,East Spur Tal 431,Uttarakhand,30.6262,77.8695,4373.5,0.052,10.75,82.8,26.9,2286.3,-3.73,1336.3,3.62,0,synthetic
GL0595,Outer Cirque Tso 512,Ladakh,33.3922,78.7791,5154.4,0.168,14.81,50.0,16.5,1490.9,-2.47,100.0,3.1,0,synthetic
GL0596,Upper Valley Tal 676,Uttarakhand,30.0922,79.9161,5694.3,0.469,18.14,778.0,16.1,1644.0,-2.67,458.4,4.67,0,synthetic
GL0597,North Basin Tal 729,Uttarakhand,29.8395,80.2049,5174.1,0.687,18.0,1117.9,30.0,2398.3,-3.27,1820.2,4.37,1,synthetic
GL0598,Far Cirque Sar 222,Jammu & Kashmir,34.2742,75.6824,3866.1,5.0,12.27,727.6,14.4,2342.0,1.42,1243.0,5.42,1,synthetic
GL0599,Lower Plateau Tal 201,Uttarakhand,30.186,78.0781,4640.6,0.233,32.17,1284.2,20.2,1565.8,4.01,1269.5,4.1,1,synthetic
GL0600,Outer Ridge Tal 134,Uttarakhand,30.2327,80.9187,5624.5,0.896,0.0,292.0,27.2,1893.8,-6.63,753.1,4.82,0,synthetic
GL0601,West Moraine Tal 510,Uttarakhand,30.516,77.9547,4931.1,0.106,9.63,1224.5,18.4,1085.0,0.4,1101.8,5.23,0,synthetic
GL0602,Lower Basin Lake 773,Arunachal Pradesh,27.8211,93.9691,3588.6,0.012,44.05,691.5,21.1,2806.4,0.13,1673.5,3.66,1,synthetic
GL0603,East Col Sar 289,Jammu & Kashmir,32.4795,75.1131,4880.9,0.617,20.24,490.2,23.1,2211.1,-4.22,,3.72,1,synthetic
GL0604,Lower Plateau Lake 419,Arunachal Pradesh,27.679,91.8723,4354.3,0.129,32.98,496.7,24.3,488.8,0.49,1219.3,3.61,0,synthetic
GL0605,Far Col Tso 718,Sikkim,27.2498,88.4456,4107.8,0.96,0.0,301.3,14.8,2616.6,-3.35,1085.1,2.87,0,synthetic
GL0606,Samiti Lake,Sikkim,27.6,88.13,4300.0,0.03,2.0,1200.0,9.0,2400.0,-1.5,1100.0,3.6,0,real
GL0607,Outer Spur Tso 147,Ladakh,34.765,77.831,4271.1,0.122,0.0,1371.7,20.3,985.6,-4.0,1685.9,3.78,0,synthetic
GL0608,West Ridge Tso 530,Ladakh,32.7232,79.2854,4369.7,0.518,8.3,826.5,17.9,1974.8,-1.86,1288.8,5.08,1,synthetic
GL0609,East Col Tso 497,Ladakh,34.2763,78.5125,5296.6,0.765,12.76,531.3,21.8,2324.1,0.54,1580.6,3.21,1,synthetic
GL0610,Lower Valley Tal 427,Himachal Pradesh,32.7769,76.8729,4573.5,1.556,18.69,687.3,15.6,3689.9,3.07,939.5,3.78,1,synthetic
GL0611,Outer Hollow Tal 257,Himachal Pradesh,30.8648,77.5583,4137.5,1.138,18.08,1026.6,24.5,2505.1,-0.28,1183.6,5.53,1,synthetic
GL0612,South Valley Tso 452,Ladakh,34.8965,77.3181,3507.2,0.14,16.55,732.7,14.6,2687.5,3.01,1784.9,3.78,1,synthetic
GL0613,Upper Valley Tal 567,Uttarakhand,30.5726,78.9974,3506.0,1.613,29.97,520.6,7.1,2969.3,-1.67,436.7,4.57,1,synthetic
GL0614,Outer Valley Sar 329,Jammu & Kashmir,32.4824,74.9417,5138.7,0.136,45.25,1042.8,29.7,2616.9,4.99,906.5,2.0,1,synthetic
GL0615,North Glacier Tal 246,Uttarakhand,31.0235,79.232,5404.9,0.215,0.45,122.3,15.5,2256.9,3.54,1279.1,4.8,0,synthetic
GL0616,Upper Glacier Sar 625,Jammu & Kashmir,33.3056,74.3931,5664.6,0.708,0.0,1031.3,22.6,1013.7,-8.73,1819.0,3.86,0,synthetic
GL0617,Upper Moraine Tso 660,Sikkim,27.2414,88.1033,3964.3,0.052,22.84,80.9,19.5,2837.2,-3.85,1165.9,2.96,1,synthetic
GL0618,High Col Tal 551,Himachal Pradesh,31.2592,77.5514,5704.9,0.231,5.56,1036.9,17.5,2790.7,-2.18,1287.9,3.55,0,synthetic
GL0619,South Valley Tal 199,Himachal Pradesh,31.9591,76.7035,3560.6,0.536,2.63,604.6,17.0,3297.4,5.24,467.8,6.0,1,synthetic
GL0620,High Basin Tso 278,Ladakh,34.0678,78.4623,4481.8,0.55,29.84,574.7,29.8,819.5,-1.69,1280.0,3.42,0,synthetic
GL0621,Chorabari Lake,Uttarakhand,30.7346,79.0669,3800.0,0.05,8.0,500.0,33.0,3000.0,2.0,2200.0,4.9,1,real
GL0622,Far Moraine Tso 332,Ladakh,34.5665,78.5375,4505.4,0.122,21.62,813.2,13.0,2821.1,-4.59,1008.2,5.31,1,synthetic
GL0623,East Col Tal 260,Uttarakhand,30.07,80.3023,3695.6,0.25,0.0,50.0,29.5,1586.7,-3.95,,3.15,0,synthetic
GL0624,Inner Spur Tal 256,Uttarakhand,30.1351,79.7693,4578.4,1.037,17.85,50.0,4.0,3182.1,-1.82,976.3,3.78,1,synthetic
GL0625,West Hollow Sar 633,Jammu & Kashmir,34.616,74.6212,5979.8,0.11,24.88,50.0,22.4,2788.9,-3.52,1084.9,3.14,1,synthetic
GL0626,Far Moraine Sar 665,Jammu & Kashmir,33.0134,75.7793,4827.5,0.273,7.41,321.0,26.9,2767.0,-7.26,890.9,3.63,0,synthetic
GL0627,High Hollow Tso 086,Ladakh,32.8808,78.9704,4746.6,0.297,18.92,203.7,18.2,2470.8,0.66,2075.9,5.02,0,synthetic
GL0628,Far Cirque Tal 748,Himachal Pradesh,31.9105,76.3303,4344.6,0.176,17.27,538.9,7.9,1365.7,-8.84,100.0,3.89,0,synthetic
GL0629,Lower Valley Tal 033,Himachal Pradesh,31.7458,77.0088,4931.1,0.386,10.12,457.8,19.7,2502.5,-2.69,1831.9,3.09,0,synthetic
GL0630,Far Ridge Tal 636,Himachal Pradesh,31.8791,77.3907,3628.5,0.073,0.0,564.9,10.6,2358.5,-8.4,976.4,4.38,0,synthetic
GL0631,East Valley Tal 771,Himachal Pradesh,32.0428,78.2288,5688.6,0.339,28.32,736.0,5.4,1734.5,-0.92,1862.1,5.04,0,synthetic
GL0632,Far Hollow Tal 646,Uttarakhand,30.6986,78.6739,4394.4,0.036,14.29,50.0,17.7,2052.1,-2.19,878.8,4.35,1,synthetic
GL0633,South Spur Tal 619,Uttarakhand,29.0644,80.1255,5220.4,0.162,8.84,1323.2,31.2,880.0,0.42,1239.4,3.17,0,synthetic
GL0634,Outer Plateau Tso 036,Ladakh,33.325,78.866,5263.5,0.202,16.19,556.9,25.1,2324.0,0.84,955.8,4.72,0,synthetic
GL0635,Inner Hollow Sar 152,Jammu & Kashmir,34.6255,74.0753,4286.8,0.116,2.07,450.2,7.1,2317.8,-1.32,1540.5,4.41,0,synthetic
GL0636,Upper Cirque Tso 620,Ladakh,34.4343,77.8008,3828.8,0.099,33.88,846.6,34.2,1995.9,-3.42,2179.2,3.54,1,synthetic
GL0637,Upper Col Tal 279,Himachal Pradesh,31.4375,76.4848,5874.0,0.729,7.45,185.6,29.8,2971.2,0.31,1072.4,3.81,1,synthetic
GL0638,West Hollow Lake 580,Arunachal Pradesh,27.2372,95.7052,4510.5,0.225,33.79,391.0,19.6,2494.3,-4.56,1263.6,3.79,1,synthetic
GL0639,High Spur Tso 693,Ladakh,33.3469,78.0436,3973.6,0.481,5.29,50.0,8.8,2284.2,-1.84,233.7,3.69,0,synthetic
GL0640,South Valley Tal 736,Himachal Pradesh,31.2199,77.5765,4072.7,0.157,17.24,50.0,12.9,2756.1,-4.01,1707.3,2.14,0,synthetic
GL0641,East Glacier Tso 566,Ladakh,34.2165,77.9479,4760.5,0.768,22.37,828.5,14.4,2889.8,12.59,1645.6,4.08,1,synthetic
GL0642,North Cirque Tal 306,Himachal Pradesh,31.7896,76.8822,3550.6,0.111,0.0,803.6,22.7,1970.2,-5.52,1344.5,2.83,0,synthetic
GL0643,North Cirque Tal 221,Uttarakhand,29.7853,79.8024,3735.2,0.347,21.68,578.7,21.7,1628.0,-0.21,1634.2,3.46,0,synthetic
GL0644,North Cirque Sar 640,Jammu & Kashmir,34.4112,75.486,4027.9,0.051,9.56,1124.5,32.1,1597.4,-4.61,1583.7,3.5,0,synthetic
GL0645,Inner Plateau Sar 067,Jammu & Kashmir,34.2838,74.7003,5377.1,0.41,34.4,665.5,9.0,2028.7,-1.62,617.6,3.8,0,synthetic
GL0646,North Moraine Tso 624,Ladakh,33.0959,78.7005,4419.4,1.051,0.91,50.0,17.4,2829.6,4.07,864.6,5.4,1,synthetic
GL0647,East Hollow Sar 751,Jammu & Kashmir,33.3644,75.6412,5912.7,0.387,26.04,934.4,21.1,2517.4,0.91,2047.8,3.97,1,synthetic
GL0648,Outer Basin Sar 238,Jammu & Kashmir,32.9428,75.395,3601.1,0.076,15.36,458.4,20.7,2181.1,-2.39,531.9,2.82,0,synthetic
GL0649,West Hollow Sar 467,Jammu & Kashmir,34.0503,76.2148,5307.1,1.999,7.29,531.3,14.4,2456.3,4.7,1590.0,2.79,1,synthetic
GL0650,East Spur Sar 076,Jammu & Kashmir,32.9595,75.9273,5158.6,0.067,0.0,926.6,15.5,1712.5,-1.47,1697.5,4.14,0,synthetic
GL0651,South Glacier Tal 460,Uttarakhand,30.9003,79.626,4996.4,0.086,9.5,561.9,23.3,956.1,-7.11,1544.8,2.44,0,synthetic
GL0652,North Basin Tso 216,Ladakh,34.0539,77.0914,5222.2,0.087,9.7,362.7,12.0,1894.7,2.62,1399.6,5.98,0,synthetic
GL0653,Outer Hollow Sar 322,Jammu & Kashmir,34.4865,73.9755,3616.4,0.246,34.71,755.7,21.9,2778.9,-0.23,851.0,2.05,1,synthetic
GL0654,Inner Spur Tso 224,Ladakh,33.3601,77.5885,4907.4,0.147,3.99,50.0,27.6,2547.6,1.92,1319.7,4.62,0,synthetic
GL0655,West Col Sar 579,Jammu & Kashmir,32.8612,74.5378,4623.2,0.2,3.09,442.8,24.4,2364.4,-0.09,1192.8,3.7,0,synthetic
GL0656,Outer Ridge Sar 466,Jammu & Kashmir,33.6868,75.3351,5653.1,0.045,38.6,1822.1,1.0,2036.6,-4.02,1167.6,3.67,0,synthetic
GL0657,Far Col Tal 692,Himachal Pradesh,31.2972,78.2809,3866.2,0.979,15.01,664.1,4.2,2519.1,-2.41,1532.4,4.19,1,synthetic
GL0658,South Glacier Tso 590,Ladakh,34.3796,77.9104,5871.9,1.101,23.74,50.0,36.1,2792.7,-3.28,785.2,4.4,1,synthetic
GL0659,Far Spur Sar 412,Jammu & Kashmir,33.9322,75.128,5457.1,2.05,17.13,1823.9,19.6,2114.6,-5.98,1855.3,3.6,1,synthetic
GL0660,Far Valley Sar 173,Jammu & Kashmir,33.6623,74.3836,3908.0,1.023,22.94,608.1,13.9,1818.4,-0.35,1592.1,3.27,1,synthetic
GL0661,Upper Spur Tal 608,Uttarakhand,29.8371,78.3884,4607.2,0.068,0.43,604.6,28.8,1708.6,-3.17,1192.0,4.46,0,synthetic
GL0662,Lower Moraine Tal 323,Uttarakhand,29.8189,79.874,4812.3,0.435,21.07,1350.8,2.6,1802.0,1.47,2072.9,4.19,0,synthetic
GL0663,Inner Plateau Sar 429,Jammu & Kashmir,32.8067,75.7533,5374.8,0.411,12.47,529.1,19.5,2679.7,-6.65,1668.0,3.98,0,synthetic
GL0664,South Basin Tso 040,Ladakh,33.4131,77.0439,3562.1,0.142,21.58,694.0,5.0,2055.8,-0.58,850.2,4.15,0,synthetic
GL0665,Gurudongmar Lake,Sikkim,28.0333,88.7167,5425.0,0.1,1.0,1500.0,4.0,500.0,-8.0,400.0,3.0,0,real
GL0666,Outer Spur Tso 520,Sikkim,27.4202,88.076,5420.9,0.064,20.91,434.6,16.5,2781.4,-4.02,1975.6,5.16,1,synthetic
GL0667,Lower Ridge Lake 225,Arunachal Pradesh,28.243,93.3566,3698.3,0.102,6.32,421.3,5.7,1175.7,-4.38,1343.1,3.06,0,synthetic
GL0668,High Spur Tal 477,Uttarakhand,29.7945,80.1035,5355.1,0.021,10.21,50.0,15.9,2233.7,1.72,730.9,4.32,0,synthetic
GL0669,South Spur Lake 701,Arunachal Pradesh,27.1758,92.7154,5729.3,0.084,14.87,1101.8,18.2,1560.4,-5.87,,4.31,0,synthetic
GL0670,Lower Col Lake 488,Arunachal Pradesh,28.9264,94.9407,5639.5,1.363,8.29,376.5,7.0,1392.9,-0.09,743.8,4.59,0,synthetic
GL0671,West Col Tso 698,Ladakh,33.3334,77.5347,3618.4,0.225,19.8,972.6,10.7,1640.5,-0.84,1752.0,3.07,0,synthetic
GL0672,Far Spur Tal 097,Uttarakhand,30.2138,79.4491,5929.5,0.929,0.0,441.3,16.5,961.1,-1.17,1924.4,3.13,0,synthetic
GL0673,Far Col Tal 434,Himachal Pradesh,32.3622,77.2701,5798.2,0.237,25.18,877.1,11.3,2188.9,3.72,884.3,4.12,1,synthetic
GL0674,West Basin Lake 479,Arunachal Pradesh,28.0111,93.5241,4805.4,1.799,14.79,50.0,14.2,2107.4,-5.02,2124.3,5.79,1,synthetic
GL0675,Upper Cirque Tal 637,Himachal Pradesh,32.1941,76.2631,4499.1,0.515,2.74,511.0,14.5,2032.8,-5.03,,,0,synthetic
GL0676,South Hollow Tal 003,Himachal Pradesh,32.5229,77.9134,4314.6,0.121,22.39,1164.5,17.0,1553.9,-4.39,1625.3,4.59,0,synthetic
GL0677,Far Ridge Tso 181,Ladakh,33.105,77.3842,4741.4,0.327,14.12,790.6,10.7,1473.5,2.93,1986.2,3.21,0,synthetic
GL0678,Inner Basin Tal 273,Uttarakhand,30.0883,77.8747,4580.2,0.375,0.0,748.2,13.6,3014.3,-0.37,1917.9,3.4,0,synthetic
GL0679,High Basin Sar 020,Jammu & Kashmir,33.5994,74.7857,5583.6,0.354,20.76,50.0,26.3,2395.4,-5.39,1064.2,4.21,1,synthetic
GL0680,Lower Cirque Lake 160,Arunachal Pradesh,27.2122,92.7708,4745.0,0.937,15.16,1152.5,20.5,2398.1,-0.23,,5.82,0,synthetic
GL0681,High Glacier Tal 171,Himachal Pradesh,32.7266,76.7351,5431.3,0.105,3.2,738.2,27.0,2015.7,-1.25,1585.6,3.22,0,synthetic
GL0682,Far Spur Tal 091,Himachal Pradesh,32.0908,76.22,4436.2,0.021,22.37,976.9,15.7,487.5,-4.99,1916.5,2.0,0,synthetic
GL0683,East Basin Tal 188,Uttarakhand,29.8468,78.7907,5352.0,0.179,16.43,400.2,15.6,2087.1,-3.8,1645.5,5.15,0,synthetic
GL0684,East Glacier Tso 486,Ladakh,35.0315,77.906,4626.4,0.222,14.5,431.1,23.6,1631.8,-2.17,122.4,5.38,1,synthetic
GL0685,Outer Valley Tso 638,Ladakh,32.5635,78.3563,4617.4,0.296,17.97,647.9,16.4,1396.3,-0.02,1535.4,4.16,0,synthetic
GL0686,Inner Col Sar 755,Jammu & Kashmir,32.8514,75.1865,5143.3,0.459,7.94,1129.6,10.4,2970.9,-3.56,1061.0,3.13,0,synthetic
GL0687,West Hollow Tal 723,Uttarakhand,29.9305,79.2433,4945.3,0.678,0.0,50.0,13.0,3370.4,5.14,1074.4,3.46,1,synthetic
GL0688,Inner Cirque Tso 364,Ladakh,34.8221,76.8441,4267.8,0.041,1.81,1108.2,38.1,2572.2,-1.82,1084.0,3.23,0,synthetic
GL0689,Outer Spur Tso 669,Ladakh,35.1357,77.7244,5780.1,0.17,0.0,578.8,23.9,2643.5,-1.12,1777.9,4.58,0,synthetic
GL0690,East Glacier Lake 689,Arunachal Pradesh,27.9206,94.7299,3684.8,0.096,6.01,606.6,20.5,1693.7,-1.23,1604.0,5.57,0,synthetic
GL0691,Lower Basin Tso 639,Sikkim,27.4337,88.1751,4661.3,0.187,28.59,1061.5,8.5,2009.5,-0.79,1046.2,5.89,0,synthetic
GL0692,West Basin Tso 451,Ladakh,33.0412,79.1537,3525.3,0.941,13.91,616.6,33.5,3154.3,-1.53,1073.2,5.17,1,synthetic
GL0693,Far Ridge Tal 404,Uttarakhand,31.0388,78.1087,5916.2,0.114,17.86,176.1,16.3,2309.2,-10.0,2505.6,4.45,0,synthetic
GL0694,East Moraine Tal 122,Himachal Pradesh,32.431,77.3633,4365.2,0.069,12.73,190.1,19.0,1847.4,3.67,1553.3,2.95,0,synthetic
GL0695,West Hollow Tal 030,Himachal Pradesh,32.4228,76.5042,5028.9,0.404,2.51,837.3,16.8,909.9,1.75,997.5,3.57,0,synthetic
GL0696,South Plateau Tso 425,Ladakh,34.0275,76.9762,3988.7,0.104,1.99,50.0,25.2,2288.5,-1.22,100.0,5.64,0,synthetic
GL0697,Lower Ridge Tso 206,Ladakh,34.2576,76.8049,4103.2,0.679,6.34,712.1,6.5,1681.1,-3.87,1749.3,4.64,0,synthetic
GL0698,High Hollow Tso 546,Sikkim,27.6705,88.7932,3734.8,0.114,21.75,1085.1,16.7,1205.1,-6.27,1729.9,2.99,0,synthetic
GL0699,Outer Plateau Tso 557,Ladakh,33.4104,77.3684,4958.9,0.267,18.81,402.5,3.0,2009.3,-0.33,1638.1,3.84,0,synthetic
GL0700,Lower Basin Tso 465,Ladakh,33.4106,77.3758,4754.5,0.124,16.15,117.3,3.1,2632.6,-3.16,881.5,3.12,0,synthetic
GL0701,Upper Spur Tso 447,Sikkim,27.3532,88.486,3588.8,0.564,0.95,855.9,36.7,3065.6,-6.77,1031.6,4.34,0,synthetic
GL0702,North Valley Tal 251,Himachal Pradesh,31.5024,76.7752,5647.9,0.558,0.72,845.3,25.7,2571.7,1.25,1481.6,3.94,0,synthetic
GL0703,West Glacier Tal 026,Uttarakhand,29.7196,78.4977,3894.0,0.4,27.0,70.7,16.9,3062.9,-4.1,888.9,4.16,1,synthetic
GL0704,High Hollow Sar 300,Jammu & Kashmir,34.0237,76.2057,4284.7,0.048,28.41,1355.6,14.7,2289.7,2.42,1066.6,4.69,0,synthetic
GL0705,West Hollow Lake 267,Arunachal Pradesh,28.6702,94.0015,5282.2,0.062,12.95,50.0,8.5,2645.5,-1.67,1140.4,3.4,0,synthetic
GL0706,Lower Valley Tal 627,Uttarakhand,29.9949,79.8412,4800.4,0.331,0.0,703.6,21.3,2934.4,-3.79,179.0,3.2,0,synthetic
GL0707,High Plateau Tso 645,Sikkim,27.2929,88.2303,4890.5,0.534,3.9,50.0,17.4,2625.0,-7.14,939.6,4.46,0,synthetic
GL0708,Outer Cirque Sar 613,Jammu & Kashmir,33.8557,75.7251,4923.9,0.222,0.0,50.0,2.5,2501.7,-5.53,1450.0,4.11,0,synthetic
GL0709,West Moraine Tal 384,Uttarakhand,29.5278,79.5285,5034.3,0.509,25.79,879.1,16.5,1409.0,-1.99,812.4,4.39,0,synthetic
GL0710,High Plateau Tal 098,Uttarakhand,31.2812,79.1047,3587.9,0.433,0.0,1531.2,23.4,1981.4,0.51,595.1,4.95,0,synthetic
GL0711,Upper Glacier Tal 734,Himachal Pradesh,30.8138,77.5802,5714.0,0.1,28.45,396.4,33.5,719.3,-1.03,,3.29,0,synthetic
GL0712,Lower Basin Sar 515,Jammu & Kashmir,34.3551,75.1521,4170.2,0.097,16.77,419.5,5.9,2536.5,-3.47,1096.8,3.63,0,synthetic
GL0713,Far Cirque Tso 038,Sikkim,27.596,88.2814,4733.2,0.124,0.0,186.9,20.2,1983.5,-2.39,1220.4,4.16,0,synthetic
GL0714,East Ridge Tal 194,Uttarakhand,28.8257,79.9602,4896.7,0.305,27.95,50.0,23.7,2315.5,1.13,1736.0,3.44,1,synthetic
GL0715,South Moraine Tal 720,Himachal Pradesh,31.5999,77.3373,5544.9,0.468,11.94,1018.8,19.3,1727.6,-3.98,1505.1,3.93,1,synthetic
GL0716,High Spur Tal 622,Himachal Pradesh,32.1606,77.519,5023.0,0.595,0.0,50.0,22.6,2790.2,-2.06,1585.1,4.43,1,synthetic
GL0717,Outer Col Tal 012,Uttarakhand,30.5334,78.5347,5421.6,0.728,9.01,50.0,9.3,1628.6,5.95,889.3,4.67,0,synthetic
GL0718,South Ridge Tso 393,Ladakh,32.546,78.8392,5722.0,0.101,15.79,685.2,26.4,2355.5,0.11,1460.1,,1,synthetic
GL0719,North Col Lake 074,Arunachal Pradesh,28.8027,95.9179,4701.5,0.069,32.66,674.9,21.7,2176.9,0.06,1223.2,5.16,1,synthetic
GL0720,North Valley Lake 121,Arunachal Pradesh,27.1308,93.4941,3725.0,0.067,7.05,1561.5,28.1,2163.4,-4.79,1035.4,4.06,0,synthetic
GL0721,Outer Ridge Tso 406,Ladakh,33.8139,77.3975,5367.1,0.466,4.06,236.0,30.4,2832.3,-1.4,1078.7,4.9,1,synthetic
GL0722,Outer Glacier Tal 688,Uttarakhand,29.5,79.8158,5868.2,0.045,2.49,50.0,9.9,3080.3,5.7,1417.3,3.49,0,synthetic
GL0723,Far Basin Sar 277,Jammu & Kashmir,32.8358,75.7372,4287.2,0.58,19.22,1149.6,21.6,2235.6,2.7,1534.9,4.05,0,synthetic
GL0724,Inner Valley Tso 114,Sikkim,27.3608,88.7438,4136.8,0.295,6.86,866.1,44.2,945.0,-0.37,919.9,4.46,0,synthetic
GL0725,East Col Lake 024,Arunachal Pradesh,28.3227,96.2461,5487.8,0.099,15.39,50.0,12.0,2302.8,2.54,1604.4,2.17,0,synthetic
GL0726,South Spur Sar 507,Jammu & Kashmir,33.9393,75.3916,4015.2,0.284,37.05,455.2,27.9,1487.6,-0.03,129.2,3.1,1,synthetic
GL0727,Outer Basin Tal 010,Himachal Pradesh,32.0718,75.9322,5812.8,0.185,0.0,917.6,16.0,1144.0,-5.05,1456.8,4.67,0,synthetic
GL0728,South Plateau Tal 765,Himachal Pradesh,31.4512,78.2061,3691.7,1.386,34.03,1026.0,15.9,1444.8,-3.8,2271.3,3.45,1,synthetic
GL0729,Far Ridge Lake 210,Arunachal Pradesh,28.3903,95.6896,3960.8,0.258,14.63,308.0,19.1,2306.7,-4.24,1237.5,3.51,0,synthetic
GL0730,Upper Valley Tso 776,Ladakh,34.2285,77.4216,5121.9,0.111,20.21,446.3,11.5,2134.6,-0.13,875.7,3.81,1,synthetic
GL0731,West Hollow Tso 472,Ladakh,33.1656,77.018,4272.4,0.081,35.82,1373.3,26.0,1847.9,-2.55,1991.2,3.72,0,synthetic
GL0732,North Basin Sar 347,Jammu & Kashmir,33.8301,75.1995,5739.3,0.048,14.38,740.6,26.8,1880.6,1.4,1393.6,2.95,0,synthetic
GL0733,Inner Basin Tal 652,Uttarakhand,30.4587,77.8239,5136.1,0.198,0.04,793.7,13.4,1868.9,-3.49,2779.5,3.47,0,synthetic
GL0734,Upper Moraine Tal 215,Himachal Pradesh,32.2693,78.0095,5081.1,0.112,9.09,700.4,14.6,2415.4,0.33,1744.5,5.14,0,synthetic
GL0735,Outer Basin Sar 083,Jammu & Kashmir,33.9092,76.2113,5725.7,1.261,27.09,471.7,24.8,3357.0,5.36,686.0,3.26,1,synthetic
GL0736,Outer Spur Lake 142,Arunachal Pradesh,28.0724,93.0636,4620.6,0.48,0.0,702.7,13.7,2950.4,-3.23,1629.7,3.68,0,synthetic
GL0737,High Ridge Tal 761,Uttarakhand,30.3376,80.424,5709.2,0.037,10.52,785.8,33.7,2469.1,2.44,695.4,3.9,0,synthetic
GL0738,South Cirque Tso 308,Ladakh,34.4103,78.0188,4094.6,0.654,0.0,50.0,16.8,1792.9,-6.14,2272.4,4.25,0,synthetic
GL0739,Inner Plateau Tal 439,Himachal Pradesh,32.9055,76.2722,4353.1,0.155,20.73,439.0,12.2,2133.5,-5.51,1514.4,4.91,0,synthetic
GL0740,Lower Plateau Tal 513,Uttarakhand,30.3245,79.7113,4862.9,0.173,2.55,1173.4,18.6,3721.1,-2.78,,3.87,0,synthetic
GL0741,North Cirque Tso 270,Sikkim,27.6693,88.2047,5571.6,0.237,11.18,515.2,5.6,2042.8,-0.46,2225.2,4.07,0,synthetic
GL0742,Outer Col Tal 574,Himachal Pradesh,31.956,77.4247,5956.6,0.097,15.62,784.0,2.7,2423.2,-4.37,1939.8,3.72,0,synthetic
GL0743,North Col Sar 595,Jammu & Kashmir,34.1157,75.1123,4766.9,0.408,8.53,141.0,17.9,1813.0,3.93,1137.9,3.96,0,synthetic
GL0744,Outer Glacier Tal 340,Himachal Pradesh,30.8259,77.7356,5310.9,0.235,21.97,50.0,13.8,1663.0,3.64,1007.1,,1,synthetic
GL0745,Outer Col Tso 365,Ladakh,34.2801,78.1977,4338.6,0.252,14.28,2098.1,8.3,2248.8,0.66,1299.2,4.09,0,synthetic
GL0746,Lower Spur Tal 391,Himachal Pradesh,32.5934,76.2462,4864.1,0.447,8.05,50.0,32.6,3718.0,0.07,638.0,3.38,1,synthetic
GL0747,Outer Plateau Tal 695,Uttarakhand,30.9459,79.7367,5423.5,0.194,27.45,1229.9,27.8,1990.7,-8.99,1225.9,3.39,0,synthetic
GL0748,North Basin Tal 248,Uttarakhand,29.5063,79.0778,4753.0,0.526,6.27,620.2,15.2,1069.4,-4.72,2084.1,4.31,0,synthetic
GL0749,Upper Col Tso 063,Ladakh,34.7433,77.7406,4017.0,0.146,39.72,487.3,6.5,2145.4,-5.27,924.1,4.32,0,synthetic
GL0750,West Ridge Tso 186,Sikkim,27.9417,88.1671,4483.3,0.53,7.98,894.3,17.2,1469.9,-4.85,2023.5,3.87,0,synthetic
GL0751,Upper Moraine Sar 474,Jammu & Kashmir,34.0878,75.4928,4220.5,0.09,0.0,277.0,4.9,1695.2,1.11,1112.3,4.28,0,synthetic
GL0752,Outer Spur Lake 128,Arunachal Pradesh,28.45,94.6367,5832.3,0.925,22.73,160.2,24.1,2659.3,3.96,861.9,3.82,1,synthetic
GL0753,Outer Spur Tso 485,Ladakh,34.0211,78.581,5741.0,0.249,5.03,50.0,13.0,2333.9,-1.02,1899.8,5.56,0,synthetic
GL0754,Far Hollow Tal 541,Uttarakhand,29.714,79.3223,3852.5,0.472,0.0,439.3,32.6,1958.6,3.71,1624.5,3.13,0,synthetic
GL0755,North Col Sar 453,Jammu & Kashmir,33.7402,76.1739,4157.3,3.646,32.49,955.6,20.2,2206.4,-5.01,430.5,3.3,1,synthetic
GL0756,South Valley Tal 192,Himachal Pradesh,31.3935,77.7587,5229.7,0.152,10.55,147.6,16.5,3296.8,-5.93,715.2,2.96,0,synthetic
GL0757,Inner Basin Tal 303,Uttarakhand,29.9261,78.8047,5391.3,0.428,11.86,270.3,33.1,1977.7,-3.05,1848.1,3.42,0,synthetic
GL0758,East Cirque Sar 281,Jammu & Kashmir,33.9166,74.876,3890.6,0.146,1.51,820.0,28.8,1509.8,-0.51,782.9,3.76,0,synthetic
GL0759,South Spur Tso 180,Ladakh,32.9665,78.0146,5557.7,0.39,15.55,1264.1,33.1,2836.8,-4.8,1400.7,4.35,1,synthetic
GL0760,South Glacier Tal 103,Himachal Pradesh,32.1964,78.5053,5156.3,0.714,6.3,173.1,22.1,2742.6,-1.36,656.8,2.91,0,synthetic
GL0761,West Plateau Tal 174,Himachal Pradesh,32.2198,77.6984,3541.2,1.676,4.43,708.7,17.7,2034.8,-1.9,1353.6,4.68,1,synthetic
GL0762,East Basin Tso 143,Ladakh,34.4907,77.1134,5187.0,0.366,26.07,930.0,35.2,1603.8,-6.33,802.8,4.53,1,synthetic
GL0763,Upper Valley Tal 316,Himachal Pradesh,32.48,77.2766,4028.3,1.583,4.16,232.4,9.3,2310.3,-6.31,1060.7,2.28,1,synthetic
GL0764,Far Glacier Tso 694,Ladakh,34.1742,76.7721,4107.8,1.543,22.64,1830.7,11.0,953.8,-1.47,1162.3,4.52,0,synthetic
GL0765,East Basin Sar 035,Jammu & Kashmir,33.12,74.5312,4284.7,0.044,10.97,50.0,4.5,2986.5,1.63,940.3,2.8,0,synthetic
GL0766,Far Glacier Tal 435,Himachal Pradesh,32.8802,76.0198,4581.4,0.76,7.54,287.2,28.9,2746.0,-0.77,1680.6,3.77,1,synthetic
GL0767,Tsomgo Lake,Sikkim,27.3746,88.7628,3753.0,0.02,0.5,2000.0,3.0,1600.0,1.0,900.0,3.2,0,real
GL0768,Outer Valley Tal 241,Uttarakhand,30.7724,79.901,4745.9,0.058,14.52,50.0,1.0,2184.1,-2.75,747.1,4.05,0,synthetic
GL0769,Far Moraine Tso 066,Ladakh,33.8115,78.3635,4829.7,0.381,0.0,791.4,1.0,979.7,0.08,1538.8,3.07,0,synthetic
GL0770,Outer Col Tso 503,Ladakh,33.8559,78.5099,5742.8,0.498,7.57,955.1,9.8,1727.8,-3.35,764.0,4.81,0,synthetic
GL0771,North Hollow Tso 382,Ladakh,32.8143,78.5542,4409.6,0.06,18.78,56.7,27.2,1489.9,-3.86,1005.4,3.94,1,synthetic
GL0772,Inner Plateau Tso 423,Ladakh,34.9056,78.1174,3996.1,0.581,40.6,569.1,5.9,1225.9,1.22,1270.1,4.7,0,synthetic
GL0773,High Col Sar 059,Jammu & Kashmir,33.2288,76.4431,5718.9,0.311,19.39,2189.4,25.7,1640.3,1.89,1119.1,3.61,0,synthetic
GL0774,North Moraine Sar 158,Jammu & Kashmir,34.1879,76.3601,4715.1,0.766,0.81,766.0,20.2,2805.0,0.43,111.4,3.37,0,synthetic
GL0775,Lower Plateau Tal 721,Himachal Pradesh,32.3481,77.0524,5930.1,0.227,6.6,112.3,13.6,3250.9,-1.0,904.1,2.54,0,synthetic
GL0776,East Cirque Tal 545,Uttarakhand,29.1292,79.7648,3535.3,0.227,12.18,50.0,37.4,1957.0,0.59,1132.7,3.72,1,synthetic
GL0777,East Plateau Sar 357,Jammu & Kashmir,33.611,75.1431,4462.3,0.282,2.42,1000.9,9.2,1958.1,-2.53,1479.1,2.3,0,synthetic
GL0778,South Glacier Tal 336,Himachal Pradesh,32.3382,76.3372,4408.7,0.368,34.28,1202.8,21.3,1457.0,2.21,550.9,5.28,1,synthetic
GL0779,South Plateau Tal 575,Uttarakhand,30.0944,79.9334,4236.0,0.1,0.0,804.2,8.1,1385.0,1.43,1562.5,3.0,0,synthetic
GL0780,Inner Spur Tso 526,Ladakh,33.3465,78.29,3778.5,0.081,18.61,679.1,26.6,2013.5,1.27,1213.9,4.35,1,synthetic
GL0781,Outer Col Tso 389,Ladakh,32.7637,78.9498,4546.3,0.339,12.27,581.3,11.5,2496.6,-1.65,1383.2,4.29,0,synthetic
GL0782,Lower Col Tal 176,Uttarakhand,30.5855,79.698,4791.4,0.674,11.31,299.3,33.4,2240.5,1.32,1361.9,3.53,1,synthetic
GL0783,Inner Basin Tal 339,Uttarakhand,29.7898,78.9727,4189.4,0.269,26.69,369.0,6.0,3385.0,-3.62,1015.8,3.95,1,synthetic
GL0784,Inner Basin Tso 606,Sikkim,27.8061,88.8134,4727.0,1.231,28.52,540.7,16.2,300.0,-2.64,623.4,4.18,1,synthetic
GL0785,North Plateau Tal 202,Uttarakhand,30.3415,77.7697,4970.4,5.0,1.97,50.0,22.6,3094.1,-1.27,1586.1,2.53,1,synthetic
GL0786,South Plateau Tal 570,Uttarakhand,30.2773,78.1283,4387.0,0.075,13.54,580.5,15.8,2388.5,0.72,1496.1,3.86,0,synthetic
GL0787,Outer Basin Tal 493,Himachal Pradesh,32.2775,76.0423,3567.2,0.739,21.23,1480.4,22.7,3377.0,1.65,397.1,6.09,1,synthetic
GL0788,West Glacier Tso 528,Ladakh,32.5221,79.146,5641.5,0.377,0.0,502.0,9.2,1842.7,-2.91,1006.5,2.89,0,synthetic
GL0789,High Hollow Tso 187,Ladakh,34.3731,77.0221,4118.1,0.041,30.44,186.6,17.8,1719.2,-0.56,824.7,3.86,0,synthetic
GL0790,Far Moraine Lake 166,Arunachal Pradesh,28.1648,93.9917,3768.2,0.835,10.35,158.4,25.1,1384.6,-2.33,1242.6,5.27,1,synthetic
GL0081,East Hollow Tal 727,Uttarakhand,30.8025,78.5748,4935.7,0.775,15.01,1110.3,12.0,916.4,-3.85,896.9,3.49,0,synthetic
GL0347,High Spur Tal 062,Uttarakhand,28.983,79.474,5041.9,0.156,10.1,619.3,15.2,2782.1,-3.87,868.8,4.38,0,synthetic
GL0670,Lower Col Lake 488,Arunachal Pradesh,28.9264,94.9407,5639.5,1.363,8.29,376.5,7.0,1392.9,-0.09,743.8,4.59,0,synthetic
GL0264,Far Moraine Tso 212,Sikkim,27.5497,88.3555,3954.9,2.804,24.83,432.9,29.2,2547.0,5.38,526.1,3.79,1,synthetic
GL0594,East Spur Tal 431,Uttarakhand,30.6262,77.8695,4373.5,0.052,10.75,82.8,26.9,2286.3,-3.73,1336.3,3.62,0,synthetic
GL0086,Far Basin Tal 150,Himachal Pradesh,33.0536,76.4792,4909.7,0.133,6.67,128.7,26.4,1863.2,-1.05,1268.2,4.59,1,synthetic
